workload,batch,sm,block_count,elapsed_sum
compute,8,0,32,15994318
compute,8,1,32,16039666
compute,8,2,32,15851566
compute,8,3,32,16059800
compute,8,4,32,15832789
compute,8,5,32,16015593
compute,8,6,32,15819455
compute,8,7,32,15997324
compute,8,8,32,15953973
compute,8,9,32,16042618
compute,8,10,32,15962121
compute,8,11,32,16059488
compute,8,12,32,15910573
compute,8,13,32,16090163
compute,8,14,32,15949026
compute,8,15,32,15989460
compute,8,16,32,15830257
compute,8,17,32,15920782
compute,8,18,32,15815915
compute,8,19,32,15893204
compute,8,20,32,15861757
compute,8,21,32,15968421
compute,8,22,32,16041037
compute,8,23,32,15943364
compute,8,24,32,15928971
compute,8,25,32,15843865
compute,8,26,32,15846145
compute,8,27,32,15851118
compute,8,28,32,15966595
compute,8,29,32,15772031
compute,8,30,32,16104159
compute,8,31,32,15786060
compute,8,32,32,16137910
compute,8,33,32,15966182
compute,8,34,32,16188005
compute,8,35,32,15904466
compute,8,36,32,16150236
compute,8,37,32,15904628
compute,8,38,32,16065927
compute,8,39,32,15842022
compute,8,40,32,15965539
compute,8,41,32,15768222
compute,8,42,32,16005276
compute,8,43,32,15919438
compute,8,44,32,15873279
compute,8,45,32,15911623
compute,8,46,32,15818195
compute,8,47,32,15764700
compute,8,48,32,15763259
compute,8,49,32,15830482
compute,8,50,32,15937224
compute,8,51,32,15773736
compute,8,52,32,15883748
compute,8,53,32,15782554
compute,8,54,32,15873314
compute,8,55,32,15956487
compute,8,56,32,15914457
compute,8,57,32,15955443
compute,8,58,32,15868144
compute,8,59,32,15867967
compute,8,60,32,15797940
compute,8,61,32,15860594
compute,8,62,32,15819857
compute,8,63,32,15803214
compute,8,64,32,16009058
compute,8,65,32,16011862
compute,8,66,32,15982521
compute,8,67,32,16077791
compute,8,68,32,15925308
compute,8,69,32,16064066
compute,8,70,32,15886307
compute,8,71,32,16055542
compute,8,72,32,16097777
compute,8,73,32,16047361
compute,8,74,32,16090195
compute,8,75,32,16053824
compute,8,76,32,16175717
compute,8,77,32,16092968
compute,8,78,32,16200632
compute,8,79,32,16013803
compute,8,80,32,16098615
compute,8,81,32,15961003
compute,8,82,32,15973829
compute,8,83,32,15910695
compute,8,84,32,15973446
compute,8,85,32,15876737
compute,8,86,32,16002960
compute,8,87,32,16015958
compute,8,88,32,15911108
compute,8,89,32,15972560
compute,8,90,32,15902848
compute,8,91,32,15944955
compute,8,92,32,15894138
compute,8,93,32,15889112
compute,8,94,32,15846961
compute,8,95,32,15839185
compute,8,96,32,15988788
compute,8,97,32,15829531
compute,8,98,32,15987312
compute,8,99,32,15982933
compute,8,100,32,16010035
compute,8,101,32,15914436
compute,8,102,32,15938763
compute,8,103,32,15886518
compute,8,104,32,15915085
compute,8,105,32,15904614
compute,8,106,32,15990662
compute,8,107,32,15921439
compute,8,108,32,15994441
compute,8,109,32,16037989
compute,8,110,32,15890213
compute,8,111,32,16067765
compute,8,112,32,15903299
compute,8,113,32,15982999
compute,8,114,32,15858052
compute,8,115,32,15903392
compute,8,116,32,15911408
compute,8,117,32,15940586
compute,8,118,32,16006683
compute,8,119,32,15945346
compute,8,120,32,15965991
compute,8,121,32,15854624
compute,8,122,32,15951897
compute,8,123,32,15950991
compute,8,124,32,15893202
compute,8,125,32,15826906
compute,8,126,32,15860944
compute,8,127,32,15848870
compute,16,0,53,32533203
compute,16,1,53,32497353
compute,16,2,64,39345981
compute,16,3,64,39281960
compute,16,4,70,43736060
compute,16,5,71,44448497
compute,16,6,68,42524105
compute,16,7,68,42450210
compute,16,8,61,37690974
compute,16,9,61,37624741
compute,16,10,48,29337170
compute,16,11,48,29288562
compute,16,12,54,32849198
compute,16,13,54,32774210
compute,16,14,64,39449952
compute,16,15,64,39423108
compute,16,16,70,43908967
compute,16,17,70,43861601
compute,16,18,71,44418118
compute,16,19,71,44350087
compute,16,20,68,42553891
compute,16,21,68,42502622
compute,16,22,55,33507220
compute,16,23,55,33483743
compute,16,24,71,44538031
compute,16,25,71,44435419
compute,16,26,72,45215584
compute,16,27,72,45149030
compute,16,28,72,45223661
compute,16,29,72,45148445
compute,16,30,67,41683664
compute,16,31,67,41616099
compute,16,32,48,29275802
compute,16,33,48,29242503
compute,16,34,53,32127115
compute,16,35,53,32085298
compute,16,36,69,42923359
compute,16,37,69,42874033
compute,16,38,72,45283736
compute,16,39,72,45216080
compute,16,40,72,45205224
compute,16,41,72,45121005
compute,16,42,59,35874094
compute,16,43,59,35806264
compute,16,44,58,35480386
compute,16,45,58,35428404
compute,16,46,71,44428041
compute,16,47,71,44348561
compute,16,48,69,42894400
compute,16,49,69,42821389
compute,16,50,67,41267783
compute,16,51,67,41207027
compute,16,52,51,30860815
compute,16,53,51,30820113
compute,16,54,49,29804610
compute,16,55,49,29769611
compute,16,56,62,38073123
compute,16,57,62,37992085
compute,16,58,69,43247547
compute,16,59,69,43167764
compute,16,60,72,45120902
compute,16,61,72,45060583
compute,16,62,69,43312585
compute,16,63,69,43205878
compute,16,64,60,36638206
compute,16,65,60,36563715
compute,16,66,63,38553010
compute,16,67,65,39781829
compute,16,68,71,44673417
compute,16,69,71,44579511
compute,16,70,72,45343868
compute,16,71,72,45235770
compute,16,72,70,43887907
compute,16,73,70,43789280
compute,16,74,53,32089009
compute,16,75,53,32042898
compute,16,76,50,30419913
compute,16,77,50,30387443
compute,16,78,65,39906995
compute,16,79,65,39843609
compute,16,80,69,43055797
compute,16,81,69,42965730
compute,16,82,72,45449877
compute,16,83,72,45331012
compute,16,84,65,39700341
compute,16,85,65,39623433
compute,16,86,54,33223045
compute,16,87,54,33180656
compute,16,88,68,42220076
compute,16,89,68,42186155
compute,16,90,70,43735723
compute,16,91,70,43809763
compute,16,92,67,41504328
compute,16,93,67,41437714
compute,16,94,55,33293394
compute,16,95,55,33248093
compute,16,96,48,29210039
compute,16,97,48,29177404
compute,16,98,57,34646775
compute,16,99,57,34600151
compute,16,100,68,42658472
compute,16,101,68,42590566
compute,16,102,71,44546239
compute,16,103,71,44464424
compute,16,104,70,43762165
compute,16,105,70,43690245
compute,16,106,62,37701264
compute,16,107,62,37672235
compute,16,108,59,35930819
compute,16,109,60,36521685
compute,16,110,71,44520421
compute,16,111,71,44470661
compute,16,112,72,45253914
compute,16,113,72,45180582
compute,16,114,71,44314241
compute,16,115,71,44276753
compute,16,116,60,36249272
compute,16,117,60,36212152
compute,16,118,48,29137000
compute,16,119,48,29115742
compute,16,120,62,37592031
compute,16,121,62,37535888
compute,16,122,69,42957477
compute,16,123,69,42906194
compute,16,124,72,45291835
compute,16,125,72,45223642
compute,16,126,72,45182301
compute,16,127,72,45129425
compute,32,0,128,90920342
compute,32,1,128,90896732
compute,32,2,128,90858118
compute,32,3,128,90834775
compute,32,4,128,90814807
compute,32,5,128,90735598
compute,32,6,128,90799672
compute,32,7,128,90709617
compute,32,8,128,90852193
compute,32,9,128,90831553
compute,32,10,128,90961100
compute,32,11,128,90919736
compute,32,12,128,90983698
compute,32,13,128,90936495
compute,32,14,128,90874537
compute,32,15,128,90839327
compute,32,16,128,90863151
compute,32,17,128,90776996
compute,32,18,128,90752010
compute,32,19,128,90732281
compute,32,20,128,90903506
compute,32,21,128,90840240
compute,32,22,128,90887266
compute,32,23,128,90865644
compute,32,24,128,90842283
compute,32,25,128,90784765
compute,32,26,128,90731456
compute,32,27,128,90711125
compute,32,28,128,90699167
compute,32,29,128,90676135
compute,32,30,128,90836449
compute,32,31,128,90745623
compute,32,32,128,90923780
compute,32,33,128,90907916
compute,32,34,128,90934914
compute,32,35,128,90921232
compute,32,36,128,90858151
compute,32,37,128,90831124
compute,32,38,128,90779725
compute,32,39,128,90762774
compute,32,40,128,90731254
compute,32,41,128,90717821
compute,32,42,128,90839137
compute,32,43,128,90806602
compute,32,44,128,90867136
compute,32,45,128,90791995
compute,32,46,128,90737316
compute,32,47,128,90719722
compute,32,48,128,90711484
compute,32,49,128,90696189
compute,32,50,128,90696954
compute,32,51,128,90681320
compute,32,52,128,90746486
compute,32,53,128,90728023
compute,32,54,128,90900357
compute,32,55,128,90812467
compute,32,56,128,90920238
compute,32,57,128,90849735
compute,32,58,128,90756042
compute,32,59,128,90719769
compute,32,60,128,90766512
compute,32,61,128,90750643
compute,32,62,128,90842912
compute,32,63,128,90765477
compute,32,64,128,90937549
compute,32,65,128,90907533
compute,32,66,128,90923338
compute,32,67,128,90881750
compute,32,68,128,90855489
compute,32,69,128,90819829
compute,32,70,128,90786955
compute,32,71,128,90716466
compute,32,72,128,90788607
compute,32,73,128,90689773
compute,32,74,128,90845827
compute,32,75,128,90816501
compute,32,76,128,90944327
compute,32,77,128,90911921
compute,32,78,128,90958961
compute,32,79,128,90925688
compute,32,80,128,90864708
compute,32,81,128,90830534
compute,32,82,128,90864784
compute,32,83,128,90766283
compute,32,84,128,90733914
compute,32,85,128,90718540
compute,32,86,128,90887902
compute,32,87,128,90827084
compute,32,88,128,90873254
compute,32,89,128,90847405
compute,32,90,128,90811700
compute,32,91,128,90737166
compute,32,92,128,90722261
compute,32,93,128,90707374
compute,32,94,128,90705684
compute,32,95,128,90681921
compute,32,96,128,90820650
compute,32,97,128,90737879
compute,32,98,128,90910985
compute,32,99,128,90876355
compute,32,100,128,90913918
compute,32,101,128,90883024
compute,32,102,128,90831974
compute,32,103,128,90758270
compute,32,104,128,90769955
compute,32,105,128,90746240
compute,32,106,128,90735130
compute,32,107,128,90718051
compute,32,108,128,90821461
compute,32,109,128,90783079
compute,32,110,128,90842369
compute,32,111,128,90773082
compute,32,112,128,90721043
compute,32,113,128,90699852
compute,32,114,128,90713841
compute,32,115,128,90692023
compute,32,116,128,90683556
compute,32,117,128,90668773
compute,32,118,128,90734934
compute,32,119,128,90718228
compute,32,120,128,90890897
compute,32,121,128,90814566
compute,32,122,128,90888072
compute,32,123,128,90844950
compute,32,124,128,90728505
compute,32,125,128,90713625
compute,32,126,128,90751736
compute,32,127,128,90741814
compute,64,0,256,192295045
compute,64,1,256,192258769
compute,64,2,256,192268724
compute,64,3,256,192242541
compute,64,4,256,192189630
compute,64,5,256,192129882
compute,64,6,256,192192541
compute,64,7,256,192115409
compute,64,8,256,192223012
compute,64,9,256,192204790
compute,64,10,256,192322701
compute,64,11,256,192305194
compute,64,12,256,192371155
compute,64,13,256,192337900
compute,64,14,256,192256673
compute,64,15,256,192226668
compute,64,16,256,192275389
compute,64,17,256,192191768
compute,64,18,256,192141641
compute,64,19,256,192132254
compute,64,20,256,192290150
compute,64,21,256,192251387
compute,64,22,256,192254373
compute,64,23,256,192247252
compute,64,24,256,192238177
compute,64,25,256,192168541
compute,64,26,256,192118634
compute,64,27,256,192092887
compute,64,28,256,192087044
compute,64,29,256,192060650
compute,64,30,256,192198281
compute,64,31,256,192136791
compute,64,32,256,192298302
compute,64,33,256,192292828
compute,64,34,256,192321721
compute,64,35,256,192308502
compute,64,36,256,192234150
compute,64,37,256,192185142
compute,64,38,256,192183695
compute,64,39,256,192164776
compute,64,40,256,192138347
compute,64,41,256,192123346
compute,64,42,256,192217753
compute,64,43,256,192202283
compute,64,44,256,192242955
compute,64,45,256,192164598
compute,64,46,256,192165073
compute,64,47,256,192105530
compute,64,48,256,192090858
compute,64,49,256,192070327
compute,64,50,256,192083124
compute,64,51,256,192038591
compute,64,52,256,192121153
compute,64,53,256,192088195
compute,64,54,256,192288356
compute,64,55,256,192192609
compute,64,56,256,192302416
compute,64,57,256,192243560
compute,64,58,256,192149646
compute,64,59,256,192088280
compute,64,60,256,192159492
compute,64,61,256,192133755
compute,64,62,256,192240600
compute,64,63,256,192136438
compute,64,64,256,192307657
compute,64,65,256,192284005
compute,64,66,256,192283062
compute,64,67,256,192243183
compute,64,68,256,192254264
compute,64,69,256,192226718
compute,64,70,256,192194688
compute,64,71,256,192106214
compute,64,72,256,192173213
compute,64,73,256,192071714
compute,64,74,256,192221387
compute,64,75,256,192183465
compute,64,76,256,192314555
compute,64,77,256,192300188
compute,64,78,256,192355507
compute,64,79,256,192316557
compute,64,80,256,192248593
compute,64,81,256,192196370
compute,64,82,256,192271349
compute,64,83,256,192155419
compute,64,84,256,192142653
compute,64,85,256,192107208
compute,64,86,256,192267149
compute,64,87,256,192193658
compute,64,88,256,192232809
compute,64,89,256,192206247
compute,64,90,256,192198879
compute,64,91,256,192148259
compute,64,92,256,192088164
compute,64,93,256,192070821
compute,64,94,256,192069417
compute,64,95,256,192046023
compute,64,96,256,192179360
compute,64,97,256,192105787
compute,64,98,256,192283627
compute,64,99,256,192269601
compute,64,100,256,192300128
compute,64,101,256,192285389
compute,64,102,256,192203956
compute,64,103,256,192145665
compute,64,104,256,192161319
compute,64,105,256,192134104
compute,64,106,256,192122294
compute,64,107,256,192106925
compute,64,108,256,192177936
compute,64,109,256,192173932
compute,64,110,256,192215196
compute,64,111,256,192149188
compute,64,112,256,192125716
compute,64,113,256,192098618
compute,64,114,256,192078081
compute,64,115,256,192067629
compute,64,116,256,192051878
compute,64,117,256,192034218
compute,64,118,256,192085880
compute,64,119,256,192064553
compute,64,120,256,192237245
compute,64,121,256,192189801
compute,64,122,256,192280280
compute,64,123,256,192243039
compute,64,124,256,192110894
compute,64,125,256,192091749
compute,64,126,256,192138772
compute,64,127,256,192127511
compute,128,0,512,717389537
compute,128,1,512,717391284
compute,128,2,512,717416046
compute,128,3,512,717260235
compute,128,4,512,717381078
compute,128,5,512,717295739
compute,128,6,512,717163646
compute,128,7,512,717303739
compute,128,8,512,717219819
compute,128,9,512,717291128
compute,128,10,512,717495182
compute,128,11,512,717375867
compute,128,12,512,717477616
compute,128,13,512,717339251
compute,128,14,512,717435853
compute,128,15,512,717181709
compute,128,16,512,717173589
compute,128,17,512,717444493
compute,128,18,512,717299756
compute,128,19,512,717370394
compute,128,20,512,717422032
compute,128,21,512,717370704
compute,128,22,512,717339407
compute,128,23,512,717375203
compute,128,24,512,717417532
compute,128,25,512,717380055
compute,128,26,512,717390843
compute,128,27,512,717061009
compute,128,28,512,717282985
compute,128,29,512,717250696
compute,128,30,512,717359024
compute,128,31,512,717306161
compute,128,32,512,717426307
compute,128,33,512,717412736
compute,128,34,512,717518018
compute,128,35,512,717319479
compute,128,36,512,717360872
compute,128,37,512,717169719
compute,128,38,512,717365602
compute,128,39,512,717338445
compute,128,40,512,717325202
compute,128,41,512,717151659
compute,128,42,512,717472712
compute,128,43,512,717439450
compute,128,44,512,717314930
compute,128,45,512,717383031
compute,128,46,512,717181483
compute,128,47,512,717356901
compute,128,48,512,717332858
compute,128,49,512,717250577
compute,128,50,512,717114423
compute,128,51,512,717203089
compute,128,52,512,717324715
compute,128,53,512,717272469
compute,128,54,512,717431453
compute,128,55,512,717418147
compute,128,56,512,717289413
compute,128,57,512,717442295
compute,128,58,512,717242188
compute,128,59,512,717306810
compute,128,60,512,717190073
compute,128,61,512,717385304
compute,128,62,512,717354324
compute,128,63,512,717408470
compute,128,64,512,717436976
compute,128,65,512,717443605
compute,128,66,512,717258272
compute,128,67,512,717437880
compute,128,68,512,717210757
compute,128,69,512,717205239
compute,128,70,512,717390383
compute,128,71,512,717363960
compute,128,72,512,717304442
compute,128,73,512,717237590
compute,128,74,512,717137999
compute,128,75,512,717372233
compute,128,76,512,717409138
compute,128,77,512,717472291
compute,128,78,512,717534345
compute,128,79,512,717494472
compute,128,80,512,717263813
compute,128,81,512,717167930
compute,128,82,512,717325631
compute,128,83,512,717425523
compute,128,84,512,717223989
compute,128,85,512,717359270
compute,128,86,512,717422448
compute,128,87,512,717444691
compute,128,88,512,717326880
compute,128,89,512,717403495
compute,128,90,512,717349499
compute,128,91,512,717379361
compute,128,92,512,717244063
compute,128,93,512,717304424
compute,128,94,512,717331329
compute,128,95,512,717297997
compute,128,96,512,717141328
compute,128,97,512,717331573
compute,128,98,512,717392896
compute,128,99,512,717355327
compute,128,100,512,717501695
compute,128,101,512,717386372
compute,128,102,512,717404559
compute,128,103,512,717219924
compute,128,104,512,717398851
compute,128,105,512,717317174
compute,128,106,512,717369750
compute,128,107,512,717166894
compute,128,108,512,717460286
compute,128,109,512,717201260
compute,128,110,512,717314831
compute,128,111,512,717227444
compute,128,112,512,717377013
compute,128,113,512,717349348
compute,128,114,512,717349379
compute,128,115,512,717237769
compute,128,116,512,717254111
compute,128,117,512,717240235
compute,128,118,512,717366503
compute,128,119,512,717272821
compute,128,120,512,717297052
compute,128,121,512,717438967
compute,128,122,512,717420472
compute,128,123,512,717419339
compute,128,124,512,717321232
compute,128,125,512,717125312
compute,128,126,512,717359905
compute,128,127,512,717107569
memory,8,0,32,53853
memory,8,1,32,61270
memory,8,2,32,55351
memory,8,3,32,56466
memory,8,4,32,50404
memory,8,5,32,56232
memory,8,6,32,54004
memory,8,7,32,58841
memory,8,8,32,53288
memory,8,9,32,59269
memory,8,10,32,55791
memory,8,11,32,61556
memory,8,12,32,61372
memory,8,13,32,59411
memory,8,14,32,51165
memory,8,15,32,60333
memory,8,16,32,52165
memory,8,17,32,59073
memory,8,18,32,51832
memory,8,19,32,55871
memory,8,20,32,55902
memory,8,21,32,64312
memory,8,22,32,57844
memory,8,23,32,60679
memory,8,24,32,54390
memory,8,25,32,55532
memory,8,26,32,50216
memory,8,27,32,57543
memory,8,28,32,54901
memory,8,29,32,55008
memory,8,30,32,62384
memory,8,31,32,60186
memory,8,32,32,60817
memory,8,33,32,63219
memory,8,34,32,62880
memory,8,35,32,66904
memory,8,36,32,55439
memory,8,37,32,63985
memory,8,38,32,56593
memory,8,39,32,61740
memory,8,40,32,56991
memory,8,41,32,59509
memory,8,42,32,59053
memory,8,43,32,59521
memory,8,44,32,62328
memory,8,45,32,67135
memory,8,46,32,59910
memory,8,47,32,58431
memory,8,48,32,56629
memory,8,49,32,56228
memory,8,50,32,58704
memory,8,51,32,64666
memory,8,52,32,62848
memory,8,53,32,64284
memory,8,54,32,62306
memory,8,55,32,60725
memory,8,56,32,68312
memory,8,57,32,61221
memory,8,58,32,63687
memory,8,59,32,63516
memory,8,60,32,63268
memory,8,61,32,56829
memory,8,62,32,51640
memory,8,63,32,50848
memory,8,64,32,56928
memory,8,65,32,54288
memory,8,66,32,66678
memory,8,67,32,55297
memory,8,68,32,58492
memory,8,69,32,54581
memory,8,70,32,59868
memory,8,71,32,54971
memory,8,72,32,55075
memory,8,73,32,53321
memory,8,74,32,61244
memory,8,75,32,57198
memory,8,76,32,61510
memory,8,77,32,60179
memory,8,78,32,63703
memory,8,79,32,60044
memory,8,80,32,60268
memory,8,81,32,60167
memory,8,82,32,57125
memory,8,83,32,55320
memory,8,84,32,57094
memory,8,85,32,54593
memory,8,86,32,55975
memory,8,87,32,58110
memory,8,88,32,56993
memory,8,89,32,66207
memory,8,90,32,59829
memory,8,91,32,57616
memory,8,92,32,56479
memory,8,93,32,57951
memory,8,94,32,52788
memory,8,95,32,58957
memory,8,96,32,56023
memory,8,97,32,58771
memory,8,98,32,54753
memory,8,99,32,58604
memory,8,100,32,55011
memory,8,101,32,61464
memory,8,102,32,53031
memory,8,103,32,57041
memory,8,104,32,59018
memory,8,105,32,57842
memory,8,106,32,56951
memory,8,107,32,58931
memory,8,108,32,53890
memory,8,109,32,59597
memory,8,110,32,54927
memory,8,111,32,62270
memory,8,112,32,56958
memory,8,113,32,59697
memory,8,114,32,55004
memory,8,115,32,59132
memory,8,116,32,55180
memory,8,117,32,58968
memory,8,118,32,60134
memory,8,119,32,57749
memory,8,120,32,54809
memory,8,121,32,70815
memory,8,122,32,57739
memory,8,123,32,63521
memory,8,124,32,60523
memory,8,125,32,63296
memory,8,126,32,57660
memory,8,127,32,59098
memory,16,0,72,141513
memory,16,1,59,128594
memory,16,2,73,136318
memory,16,3,62,115263
memory,16,4,74,128583
memory,16,5,67,126512
memory,16,6,79,155536
memory,16,7,64,124285
memory,16,8,75,155058
memory,16,9,58,118287
memory,16,10,72,141617
memory,16,11,59,125093
memory,16,12,70,139124
memory,16,13,58,130455
memory,16,14,72,135315
memory,16,15,63,127020
memory,16,16,75,135779
memory,16,17,58,118629
memory,16,18,76,147293
memory,16,19,63,125164
memory,16,20,69,143866
memory,16,21,65,127911
memory,16,22,68,148254
memory,16,23,66,141108
memory,16,24,74,147371
memory,16,25,68,128705
memory,16,26,71,141706
memory,16,27,72,128805
memory,16,28,77,148529
memory,16,29,67,121804
memory,16,30,70,140607
memory,16,31,67,125931
memory,16,32,69,149624
memory,16,33,66,142791
memory,16,34,63,142447
memory,16,35,66,134203
memory,16,36,71,152249
memory,16,37,68,136135
memory,16,38,72,140042
memory,16,39,70,131621
memory,16,40,71,138524
memory,16,41,68,130611
memory,16,42,70,157821
memory,16,43,66,128865
memory,16,44,67,160659
memory,16,45,63,115037
memory,16,46,67,144209
memory,16,47,65,122463
memory,16,48,69,151231
memory,16,49,66,123644
memory,16,50,71,138854
memory,16,51,65,119847
memory,16,52,70,163650
memory,16,53,64,127047
memory,16,54,68,168768
memory,16,55,63,136099
memory,16,56,66,150115
memory,16,57,62,120508
memory,16,58,60,147076
memory,16,59,62,121454
memory,16,60,71,156061
memory,16,61,66,122475
memory,16,62,75,147800
memory,16,63,67,110305
memory,16,64,66,134136
memory,16,65,64,107421
memory,16,66,70,154979
memory,16,67,63,114749
memory,16,68,68,147894
memory,16,69,66,115706
memory,16,70,69,139167
memory,16,71,67,109124
memory,16,72,69,141116
memory,16,73,65,115015
memory,16,74,66,141667
memory,16,75,64,112225
memory,16,76,63,160113
memory,16,77,62,119841
memory,16,78,59,139132
memory,16,79,63,118160
memory,16,80,68,146808
memory,16,81,63,121266
memory,16,82,64,135959
memory,16,83,64,115431
memory,16,84,62,131626
memory,16,85,64,114072
memory,16,86,64,142034
memory,16,87,60,120186
memory,16,88,63,134236
memory,16,89,51,112029
memory,16,90,66,144491
memory,16,91,57,117790
memory,16,92,67,120698
memory,16,93,55,119496
memory,16,94,70,128580
memory,16,95,57,112910
memory,16,96,62,135935
memory,16,97,55,112921
memory,16,98,61,140697
memory,16,99,55,122225
memory,16,100,65,142456
memory,16,101,53,119345
memory,16,102,61,138435
memory,16,103,48,112630
memory,16,104,67,149630
memory,16,105,55,113788
memory,16,106,71,144858
memory,16,107,61,121519
memory,16,108,59,124090
memory,16,109,54,113864
memory,16,110,54,132372
memory,16,111,52,121378
memory,16,112,63,138579
memory,16,113,53,106879
memory,16,114,57,120348
memory,16,115,50,112634
memory,16,116,63,131585
memory,16,117,56,116298
memory,16,118,61,141301
memory,16,119,58,120595
memory,16,120,53,123961
memory,16,121,50,114547
memory,16,122,57,142962
memory,16,123,48,118474
memory,16,124,57,130273
memory,16,125,51,109771
memory,16,126,58,131694
memory,16,127,55,115725
memory,32,0,129,283012
memory,32,1,126,286593
memory,32,2,135,282958
memory,32,3,134,288942
memory,32,4,135,277948
memory,32,5,130,275262
memory,32,6,139,285763
memory,32,7,133,279129
memory,32,8,130,278843
memory,32,9,132,272767
memory,32,10,132,285073
memory,32,11,118,274101
memory,32,12,132,284248
memory,32,13,127,295427
memory,32,14,131,277376
memory,32,15,124,275947
memory,32,16,140,286920
memory,32,17,123,269505
memory,32,18,143,297939
memory,32,19,131,276809
memory,32,20,130,279608
memory,32,21,122,271663
memory,32,22,128,281716
memory,32,23,124,274810
memory,32,24,133,289675
memory,32,25,132,269505
memory,32,26,133,278865
memory,32,27,131,271378
memory,32,28,138,282680
memory,32,29,134,268948
memory,32,30,130,287472
memory,32,31,124,264580
memory,32,32,130,291226
memory,32,33,124,269152
memory,32,34,128,284509
memory,32,35,125,273427
memory,32,36,128,286277
memory,32,37,128,266445
memory,32,38,131,287776
memory,32,39,130,274467
memory,32,40,133,283184
memory,32,41,127,267666
memory,32,42,131,285355
memory,32,43,125,273329
memory,32,44,130,289253
memory,32,45,128,274545
memory,32,46,127,295786
memory,32,47,125,270032
memory,32,48,134,281418
memory,32,49,130,267749
memory,32,50,133,286331
memory,32,51,127,255276
memory,32,52,131,282192
memory,32,53,124,251225
memory,32,54,128,285563
memory,32,55,121,268130
memory,32,56,124,287837
memory,32,57,116,258899
memory,32,58,128,292209
memory,32,59,121,258728
memory,32,60,136,290414
memory,32,61,124,255731
memory,32,62,140,287906
memory,32,63,136,277508
memory,32,64,136,292889
memory,32,65,132,275073
memory,32,66,132,292158
memory,32,67,122,260581
memory,32,68,133,280169
memory,32,69,135,262054
memory,32,70,136,292422
memory,32,71,133,265377
memory,32,72,133,281464
memory,32,73,135,269808
memory,32,74,130,282385
memory,32,75,132,264561
memory,32,76,120,292364
memory,32,77,124,269139
memory,32,78,127,282355
memory,32,79,122,258971
memory,32,80,130,281710
memory,32,81,131,271391
memory,32,82,126,282609
memory,32,83,132,259246
memory,32,84,130,292300
memory,32,85,127,260109
memory,32,86,129,289857
memory,32,87,126,277408
memory,32,88,129,287496
memory,32,89,124,271089
memory,32,90,124,280277
memory,32,91,122,269360
memory,32,92,133,268265
memory,32,93,123,271221
memory,32,94,130,267464
memory,32,95,125,269121
memory,32,96,123,274381
memory,32,97,122,270930
memory,32,98,120,282064
memory,32,99,116,270370
memory,32,100,121,274678
memory,32,101,124,269705
memory,32,102,127,289867
memory,32,103,116,268542
memory,32,104,130,287486
memory,32,105,125,279067
memory,32,106,129,274805
memory,32,107,127,268623
memory,32,108,126,288679
memory,32,109,125,283274
memory,32,110,128,303350
memory,32,111,126,275018
memory,32,112,127,273654
memory,32,113,121,261660
memory,32,114,134,287880
memory,32,115,127,272272
memory,32,116,127,286821
memory,32,117,127,267519
memory,32,118,127,291135
memory,32,119,126,277669
memory,32,120,121,291498
memory,32,121,121,270833
memory,32,122,127,290724
memory,32,123,117,273177
memory,32,124,123,289288
memory,32,125,115,262607
memory,32,126,126,297071
memory,32,127,124,273156
memory,64,0,264,598628
memory,64,1,248,567347
memory,64,2,271,587369
memory,64,3,252,568806
memory,64,4,275,590545
memory,64,5,256,570644
memory,64,6,276,604889
memory,64,7,258,565771
memory,64,8,268,609644
memory,64,9,254,572290
memory,64,10,268,598894
memory,64,11,246,558525
memory,64,12,262,601662
memory,64,13,248,574298
memory,64,14,266,588085
memory,64,15,250,574099
memory,64,16,267,575040
memory,64,17,252,569340
memory,64,18,275,606595
memory,64,19,258,572177
memory,64,20,269,591402
memory,64,21,250,568235
memory,64,22,268,593982
memory,64,23,255,558767
memory,64,24,272,603851
memory,64,25,256,556226
memory,64,26,271,598633
memory,64,27,261,578028
memory,64,28,273,600705
memory,64,29,260,554634
memory,64,30,267,600590
memory,64,31,253,549800
memory,64,32,264,594626
memory,64,33,250,558125
memory,64,34,261,597940
memory,64,35,248,567136
memory,64,36,258,583118
memory,64,37,252,566206
memory,64,38,272,596476
memory,64,39,256,550011
memory,64,40,270,594391
memory,64,41,260,573514
memory,64,42,269,585643
memory,64,43,249,553579
memory,64,44,259,599921
memory,64,45,251,556358
memory,64,46,262,590883
memory,64,47,254,564541
memory,64,48,269,587993
memory,64,49,261,542613
memory,64,50,269,584574
memory,64,51,255,544203
memory,64,52,267,593345
memory,64,53,251,547622
memory,64,54,263,595381
memory,64,55,252,546092
memory,64,56,255,596241
memory,64,57,244,550315
memory,64,58,260,591512
memory,64,59,247,562147
memory,64,60,267,603917
memory,64,61,251,547899
memory,64,62,269,595957
memory,64,63,259,567263
memory,64,64,267,600900
memory,64,65,256,549581
memory,64,66,260,590229
memory,64,67,244,533806
memory,64,68,263,589438
memory,64,69,253,548033
memory,64,70,270,591318
memory,64,71,256,541339
memory,64,72,261,567961
memory,64,73,261,547586
memory,64,74,257,566374
memory,64,75,255,549936
memory,64,76,253,592092
memory,64,77,241,545462
memory,64,78,252,572730
memory,64,79,247,554573
memory,64,80,257,587876
memory,64,81,248,555199
memory,64,82,263,589823
memory,64,83,253,555070
memory,64,84,262,582766
memory,64,85,252,550295
memory,64,86,255,576350
memory,64,87,249,546088
memory,64,88,253,585016
memory,64,89,244,540699
memory,64,90,253,571301
memory,64,91,243,566476
memory,64,92,267,587687
memory,64,93,252,563988
memory,64,94,265,578182
memory,64,95,248,548187
memory,64,96,255,559511
memory,64,97,246,552953
memory,64,98,245,572827
memory,64,99,240,548968
memory,64,100,249,575541
memory,64,101,247,559525
memory,64,102,251,581542
memory,64,103,240,541043
memory,64,104,257,579859
memory,64,105,245,561279
memory,64,106,260,580454
memory,64,107,250,551010
memory,64,108,253,567620
memory,64,109,246,554119
memory,64,110,254,583382
memory,64,111,249,549947
memory,64,112,254,576051
memory,64,113,248,551653
memory,64,114,262,577183
memory,64,115,244,557444
memory,64,116,255,576025
memory,64,117,252,544955
memory,64,118,255,573401
memory,64,119,246,554987
memory,64,120,248,570183
memory,64,121,242,555281
memory,64,122,246,593697
memory,64,123,238,532766
memory,64,124,249,571214
memory,64,125,243,554586
memory,64,126,250,592431
memory,64,127,246,545999
memory,128,0,525,1193875
memory,128,1,504,1171626
memory,128,2,528,1203692
memory,128,3,505,1149168
memory,128,4,539,1198856
memory,128,5,509,1161385
memory,128,6,533,1195305
memory,128,7,510,1163677
memory,128,8,524,1187796
memory,128,9,506,1147092
memory,128,10,521,1176810
memory,128,11,495,1160140
memory,128,12,516,1183896
memory,128,13,495,1161945
memory,128,14,526,1198022
memory,128,15,494,1145430
memory,128,16,535,1200749
memory,128,17,505,1161923
memory,128,18,536,1216752
memory,128,19,510,1182877
memory,128,20,536,1200778
memory,128,21,506,1179515
memory,128,22,525,1196822
memory,128,23,499,1148592
memory,128,24,533,1208535
memory,128,25,509,1156258
memory,128,26,532,1224418
memory,128,27,517,1162949
memory,128,28,538,1195658
memory,128,29,518,1144162
memory,128,30,530,1202694
memory,128,31,505,1155296
memory,128,32,523,1192169
memory,128,33,499,1152418
memory,128,34,516,1205438
memory,128,35,499,1160183
memory,128,36,530,1198477
memory,128,37,500,1143567
memory,128,38,533,1213542
memory,128,39,510,1148853
memory,128,40,542,1217952
memory,128,41,518,1158577
memory,128,42,534,1208880
memory,128,43,507,1166622
memory,128,44,525,1213755
memory,128,45,500,1165416
memory,128,46,528,1206034
memory,128,47,509,1152652
memory,128,48,537,1194823
memory,128,49,517,1159966
memory,128,50,535,1198447
memory,128,51,513,1147496
memory,128,52,530,1202958
memory,128,53,504,1148795
memory,128,54,525,1197429
memory,128,55,497,1137111
memory,128,56,520,1206561
memory,128,57,493,1145185
memory,128,58,521,1203272
memory,128,59,501,1134472
memory,128,60,536,1209139
memory,128,61,507,1147403
memory,128,62,529,1188574
memory,128,63,510,1136791
memory,128,64,522,1188064
memory,128,65,507,1152088
memory,128,66,514,1186799
memory,128,67,493,1138822
memory,128,68,519,1191074
memory,128,69,501,1131431
memory,128,70,530,1192659
memory,128,71,510,1134749
memory,128,72,529,1194672
memory,128,73,506,1144175
memory,128,74,519,1178655
memory,128,75,499,1133410
memory,128,76,508,1186579
memory,128,77,492,1140872
memory,128,78,513,1191320
memory,128,79,488,1144374
memory,128,80,518,1186236
memory,128,81,495,1121528
memory,128,82,521,1217411
memory,128,83,507,1142413
memory,128,84,518,1195970
memory,128,85,504,1124490
memory,128,86,521,1174355
memory,128,87,499,1128854
memory,128,88,511,1187452
memory,128,89,490,1133607
memory,128,90,513,1193221
memory,128,91,498,1134734
memory,128,92,527,1177257
memory,128,93,505,1145266
memory,128,94,522,1166502
memory,128,95,503,1139863
memory,128,96,511,1171429
memory,128,97,497,1143104
memory,128,98,506,1185311
memory,128,99,485,1127652
memory,128,100,517,1188294
memory,128,101,490,1133265
memory,128,102,522,1197948
memory,128,103,491,1131934
memory,128,104,520,1201399
memory,128,105,497,1142695
memory,128,106,517,1174298
memory,128,107,504,1139230
memory,128,108,510,1175416
memory,128,109,504,1139847
memory,128,110,512,1193823
memory,128,111,490,1126257
memory,128,112,515,1176953
memory,128,113,501,1142098
memory,128,114,519,1184673
memory,128,115,505,1154292
memory,128,116,516,1179466
memory,128,117,508,1146591
memory,128,118,508,1174929
memory,128,119,497,1141925
memory,128,120,502,1183670
memory,128,121,491,1134604
memory,128,122,500,1172440
memory,128,123,486,1150749
memory,128,124,500,1173444
memory,128,125,488,1136007
memory,128,126,510,1199689
memory,128,127,503,1135861
mixed,8,0,32,2258246
mixed,8,1,32,2372893
mixed,8,2,32,2328303
mixed,8,3,32,2351303
mixed,8,4,32,2460259
mixed,8,5,32,2528133
mixed,8,6,32,2586672
mixed,8,7,32,2596228
mixed,8,8,32,2255400
mixed,8,9,32,2369926
mixed,8,10,32,2332962
mixed,8,11,32,2355511
mixed,8,12,32,2465029
mixed,8,13,32,2532779
mixed,8,14,32,2588985
mixed,8,15,32,2598563
mixed,8,16,32,2260011
mixed,8,17,32,2374367
mixed,8,18,32,2330888
mixed,8,19,32,2353212
mixed,8,20,32,2464445
mixed,8,21,32,2525841
mixed,8,22,32,2589451
mixed,8,23,32,2596429
mixed,8,24,32,2254665
mixed,8,25,32,2360763
mixed,8,26,32,2328909
mixed,8,27,32,2348723
mixed,8,28,32,2456144
mixed,8,29,32,2515616
mixed,8,30,32,2585985
mixed,8,31,32,2593491
mixed,8,32,32,2259176
mixed,8,33,32,2365425
mixed,8,34,32,2332972
mixed,8,35,32,2353406
mixed,8,36,32,2458687
mixed,8,37,32,2518251
mixed,8,38,32,2590589
mixed,8,39,32,2597687
mixed,8,40,32,2257393
mixed,8,41,32,2362708
mixed,8,42,32,2333567
mixed,8,43,32,2352816
mixed,8,44,32,2458697
mixed,8,45,32,2518126
mixed,8,46,32,2585472
mixed,8,47,32,2592448
mixed,8,48,32,2257934
mixed,8,49,32,2360728
mixed,8,50,32,2326483
mixed,8,51,32,2344930
mixed,8,52,32,2455821
mixed,8,53,32,2515298
mixed,8,54,32,2590046
mixed,8,55,32,2596999
mixed,8,56,32,2261604
mixed,8,57,32,2364808
mixed,8,58,32,2328104
mixed,8,59,32,2347137
mixed,8,60,32,2460900
mixed,8,61,32,2519919
mixed,8,62,32,2589868
mixed,8,63,32,2594611
mixed,8,64,32,2263304
mixed,8,65,32,2365383
mixed,8,66,32,2330083
mixed,8,67,32,2347863
mixed,8,68,32,2457468
mixed,8,69,32,2515126
mixed,8,70,32,2588021
mixed,8,71,32,2592544
mixed,8,72,32,2256047
mixed,8,73,32,2356903
mixed,8,74,32,2327434
mixed,8,75,32,2344881
mixed,8,76,32,2461809
mixed,8,77,32,2519699
mixed,8,78,32,2592053
mixed,8,79,32,2597886
mixed,8,80,32,2257881
mixed,8,81,32,2359335
mixed,8,82,32,2332226
mixed,8,83,32,2348923
mixed,8,84,32,2521707
mixed,8,85,32,2532247
mixed,8,86,32,2595861
mixed,8,87,32,2571236
mixed,8,88,32,2357896
mixed,8,89,32,2376567
mixed,8,90,32,2340176
mixed,8,91,32,2317865
mixed,8,92,32,2517784
mixed,8,93,32,2531870
mixed,8,94,32,2587692
mixed,8,95,32,2563038
mixed,8,96,32,2355145
mixed,8,97,32,2373335
mixed,8,98,32,2344313
mixed,8,99,32,2322722
mixed,8,100,32,2522038
mixed,8,101,32,2536775
mixed,8,102,32,2590004
mixed,8,103,32,2565305
mixed,8,104,32,2359527
mixed,8,105,32,2378114
mixed,8,106,32,2342454
mixed,8,107,32,2320230
mixed,8,108,32,2521908
mixed,8,109,32,2536410
mixed,8,110,32,2590252
mixed,8,111,32,2565339
mixed,8,112,32,2354593
mixed,8,113,32,2372756
mixed,8,114,32,2340595
mixed,8,115,32,2317940
mixed,8,116,32,2514028
mixed,8,117,32,2527889
mixed,8,118,32,2587273
mixed,8,119,32,2562443
mixed,8,120,32,2358897
mixed,8,121,32,2377210
mixed,8,122,32,2344681
mixed,8,123,32,2322610
mixed,8,124,32,2516049
mixed,8,125,32,2530495
mixed,8,126,32,2592157
mixed,8,127,32,2567159
mixed,16,0,71,5310034
mixed,16,1,70,5249338
mixed,16,2,71,5411003
mixed,16,3,71,5472397
mixed,16,4,64,5106254
mixed,16,5,64,5079487
mixed,16,6,56,4617899
mixed,16,7,56,4641507
mixed,16,8,72,5380656
mixed,16,9,72,5421350
mixed,16,10,70,5451857
mixed,16,11,70,5413573
mixed,16,12,64,5177512
mixed,16,13,64,5114076
mixed,16,14,56,4633440
mixed,16,15,56,4617745
mixed,16,16,72,5395075
mixed,16,17,72,5433707
mixed,16,18,72,5496738
mixed,16,19,72,5480396
mixed,16,20,64,5068036
mixed,16,21,64,5142301
mixed,16,22,56,4641992
mixed,16,23,56,4621917
mixed,16,24,72,5364185
mixed,16,25,72,5348841
mixed,16,26,72,5547383
mixed,16,27,72,5468608
mixed,16,28,64,5094411
mixed,16,29,64,5002902
mixed,16,30,56,4648636
mixed,16,31,56,4612388
mixed,16,32,72,5413435
mixed,16,33,72,5388442
mixed,16,34,72,5509419
mixed,16,35,71,5503077
mixed,16,36,64,5110252
mixed,16,37,64,5088673
mixed,16,38,56,4628661
mixed,16,39,56,4615800
mixed,16,40,72,5339621
mixed,16,41,72,5392363
mixed,16,42,71,5426076
mixed,16,43,64,5046905
mixed,16,44,64,5192103
mixed,16,45,56,4642036
mixed,16,46,56,4623054
mixed,16,47,56,4538475
mixed,16,48,72,5408406
mixed,16,49,65,4993699
mixed,16,50,71,5506605
mixed,16,51,64,4919335
mixed,16,52,64,5053874
mixed,16,53,56,4624564
mixed,16,54,55,4551464
mixed,16,55,56,4561862
mixed,16,56,72,5494578
mixed,16,57,64,4968140
mixed,16,58,71,5495533
mixed,16,59,64,4895574
mixed,16,60,64,5058412
mixed,16,61,56,4629483
mixed,16,62,56,4682322
mixed,16,63,56,4524385
mixed,16,64,71,5380777
mixed,16,65,65,5048997
mixed,16,66,70,5412137
mixed,16,67,64,4930554
mixed,16,68,64,5079234
mixed,16,69,56,4604335
mixed,16,70,56,4643272
mixed,16,71,56,4560701
mixed,16,72,71,5361827
mixed,16,73,64,4945522
mixed,16,74,70,5403741
mixed,16,75,64,4879252
mixed,16,76,64,5158866
mixed,16,77,56,4654628
mixed,16,78,54,4510492
mixed,16,79,56,4583761
mixed,16,80,70,5271102
mixed,16,81,63,4917244
mixed,16,82,71,5462451
mixed,16,83,63,4846437
mixed,16,84,64,5049037
mixed,16,85,56,4655955
mixed,16,86,56,4616964
mixed,16,87,56,4560358
mixed,16,88,72,5355272
mixed,16,89,64,4986771
mixed,16,90,72,5485058
mixed,16,91,64,4932531
mixed,16,92,64,5023983
mixed,16,93,56,4646767
mixed,16,94,56,4542001
mixed,16,95,56,4549679
mixed,16,96,72,5398191
mixed,16,97,64,4949490
mixed,16,98,72,5531614
mixed,16,99,64,4894230
mixed,16,100,64,5146057
mixed,16,101,56,4664928
mixed,16,102,56,4603238
mixed,16,103,56,4538085
mixed,16,104,72,5269051
mixed,16,105,65,5068707
mixed,16,106,72,5521873
mixed,16,107,68,5135017
mixed,16,108,64,5040112
mixed,16,109,56,4659107
mixed,16,110,56,4594266
mixed,16,111,60,4855230
mixed,16,112,72,5314691
mixed,16,113,64,4954989
mixed,16,114,72,5466584
mixed,16,115,68,5157919
mixed,16,116,64,4980606
mixed,16,117,56,4578575
mixed,16,118,56,4599958
mixed,16,119,60,4827906
mixed,16,120,72,5351698
mixed,16,121,64,5013746
mixed,16,122,72,5499390
mixed,16,123,67,5148385
mixed,16,124,64,5036079
mixed,16,125,56,4598157
mixed,16,126,56,4588879
mixed,16,127,61,4902308
mixed,32,0,136,10542751
mixed,32,1,131,10016701
mixed,32,2,127,9974891
mixed,32,3,127,9849493
mixed,32,4,119,9644873
mixed,32,5,122,9563680
mixed,32,6,122,9794428
mixed,32,7,124,9952207
mixed,32,8,131,10067065
mixed,32,9,139,10525387
mixed,32,10,125,9936311
mixed,32,11,128,10082602
mixed,32,12,120,9639991
mixed,32,13,127,10045755
mixed,32,14,120,9782435
mixed,32,15,120,9746676
mixed,32,16,132,10266407
mixed,32,17,133,10318192
mixed,32,18,129,10074505
mixed,32,19,126,9828339
mixed,32,20,124,9893008
mixed,32,21,124,9737945
mixed,32,22,122,9842279
mixed,32,23,119,9639495
mixed,32,24,137,10387660
mixed,32,25,140,10599308
mixed,32,26,127,9886453
mixed,32,27,128,9986211
mixed,32,28,126,9915111
mixed,32,29,122,9710538
mixed,32,30,124,9921938
mixed,32,31,119,9600200
mixed,32,32,133,10261685
mixed,32,33,131,10071146
mixed,32,34,126,9919697
mixed,32,35,130,10085579
mixed,32,36,122,9675069
mixed,32,37,121,9680340
mixed,32,38,119,9522468
mixed,32,39,122,9788757
mixed,32,40,137,10345320
mixed,32,41,130,9975366
mixed,32,42,128,9907088
mixed,32,43,130,10173531
mixed,32,44,122,9665016
mixed,32,45,131,10329370
mixed,32,46,121,9678865
mixed,32,47,128,10102846
mixed,32,48,135,10345585
mixed,32,49,139,10504027
mixed,32,50,127,9809763
mixed,32,51,132,10079527
mixed,32,52,120,9596381
mixed,32,53,125,9840379
mixed,32,54,118,9528092
mixed,32,55,124,9887818
mixed,32,56,138,10582493
mixed,32,57,136,10594060
mixed,32,58,126,9874182
mixed,32,59,129,10103631
mixed,32,60,123,9705601
mixed,32,61,127,9960019
mixed,32,62,123,9914168
mixed,32,63,122,9884677
mixed,32,64,137,10522846
mixed,32,65,134,10328051
mixed,32,66,124,9876578
mixed,32,67,132,10283305
mixed,32,68,124,9916786
mixed,32,69,129,10108984
mixed,32,70,121,9835023
mixed,32,71,122,9852332
mixed,32,72,137,10319069
mixed,32,73,135,10256099
mixed,32,74,124,9692068
mixed,32,75,126,9883347
mixed,32,76,123,9916742
mixed,32,77,121,9702071
mixed,32,78,120,9683201
mixed,32,79,121,9793922
mixed,32,80,135,10476652
mixed,32,81,135,10276529
mixed,32,82,128,10125481
mixed,32,83,130,9964457
mixed,32,84,123,9613586
mixed,32,85,123,9667633
mixed,32,86,124,9852849
mixed,32,87,126,10004667
mixed,32,88,141,10596025
mixed,32,89,136,10314251
mixed,32,90,130,10053010
mixed,32,91,133,10280267
mixed,32,92,131,10048695
mixed,32,93,126,9860721
mixed,32,94,126,10009422
mixed,32,95,124,9830880
mixed,32,96,137,10337625
mixed,32,97,138,10467267
mixed,32,98,129,9966864
mixed,32,99,131,10069274
mixed,32,100,130,10216167
mixed,32,101,127,10020528
mixed,32,102,123,9866138
mixed,32,103,123,9906904
mixed,32,104,136,10359074
mixed,32,105,137,10444019
mixed,32,106,133,10060088
mixed,32,107,129,10004665
mixed,32,108,128,10080480
mixed,32,109,126,9878726
mixed,32,110,128,10099007
mixed,32,111,125,10009442
mixed,32,112,140,10584920
mixed,32,113,141,10615022
mixed,32,114,132,10117286
mixed,32,115,131,10105658
mixed,32,116,130,9984968
mixed,32,117,123,9755495
mixed,32,118,127,9989841
mixed,32,119,125,9953388
mixed,32,120,141,10700587
mixed,32,121,134,10259250
mixed,32,122,129,9994575
mixed,32,123,130,10100038
mixed,32,124,126,9896677
mixed,32,125,123,9739633
mixed,32,126,125,9911881
mixed,32,127,121,9722771
mixed,64,0,257,19944985
mixed,64,1,261,20099591
mixed,64,2,255,19917829
mixed,64,3,258,19922088
mixed,64,4,252,19794343
mixed,64,5,254,19788948
mixed,64,6,250,19754434
mixed,64,7,249,19859856
mixed,64,8,254,19862467
mixed,64,9,266,20335617
mixed,64,10,256,20114521
mixed,64,11,255,19842214
mixed,64,12,255,20103315
mixed,64,13,256,20106914
mixed,64,14,252,19933236
mixed,64,15,250,19791301
mixed,64,16,260,20092503
mixed,64,17,259,19969797
mixed,64,18,257,20081609
mixed,64,19,260,19919624
mixed,64,20,254,19942674
mixed,64,21,256,20098390
mixed,64,22,250,19784147
mixed,64,23,252,19935443
mixed,64,24,255,19738120
mixed,64,25,260,19878517
mixed,64,26,259,19946207
mixed,64,27,259,20088468
mixed,64,28,257,20094748
mixed,64,29,258,20000716
mixed,64,30,252,19949690
mixed,64,31,247,19679575
mixed,64,32,256,19951421
mixed,64,33,261,20158929
mixed,64,34,252,19976091
mixed,64,35,255,20035977
mixed,64,36,251,19958628
mixed,64,37,256,20011686
mixed,64,38,252,19875914
mixed,64,39,249,19796924
mixed,64,40,263,20160321
mixed,64,41,262,20007900
mixed,64,42,254,19907077
mixed,64,43,256,20052993
mixed,64,44,255,19959843
mixed,64,45,255,20047421
mixed,64,46,250,19731564
mixed,64,47,250,19682744
mixed,64,48,261,19858426
mixed,64,49,268,20157050
mixed,64,50,257,19826485
mixed,64,51,262,20030953
mixed,64,52,254,19892012
mixed,64,53,250,19538902
mixed,64,54,251,19820223
mixed,64,55,245,19483733
mixed,64,56,257,19941625
mixed,64,57,257,19949523
mixed,64,58,261,20173302
mixed,64,59,258,19944747
mixed,64,60,257,19841308
mixed,64,61,257,19870695
mixed,64,62,254,19938971
mixed,64,63,247,19538882
mixed,64,64,263,20258064
mixed,64,65,262,20125149
mixed,64,66,259,20049345
mixed,64,67,257,19858499
mixed,64,68,255,20073261
mixed,64,69,254,19956007
mixed,64,70,250,19890379
mixed,64,71,251,19861517
mixed,64,72,258,19768651
mixed,64,73,257,19909399
mixed,64,74,256,19932156
mixed,64,75,258,19972391
mixed,64,76,249,19792154
mixed,64,77,253,19921242
mixed,64,78,249,20065828
mixed,64,79,250,19955611
mixed,64,80,255,19910676
mixed,64,81,259,20030045
mixed,64,82,258,20153308
mixed,64,83,260,20032712
mixed,64,84,253,19820147
mixed,64,85,254,19917600
mixed,64,86,253,19861311
mixed,64,87,253,19862915
mixed,64,88,265,20105988
mixed,64,89,261,20056440
mixed,64,90,258,19910759
mixed,64,91,253,19578525
mixed,64,92,253,19674719
mixed,64,93,255,19927544
mixed,64,94,261,20027040
mixed,64,95,251,19716939
mixed,64,96,263,20092040
mixed,64,97,257,19997960
mixed,64,98,255,19762351
mixed,64,99,257,20132554
mixed,64,100,248,19841898
mixed,64,101,253,19939705
mixed,64,102,252,19779620
mixed,64,103,250,19785253
mixed,64,104,260,19826425
mixed,64,105,262,19997373
mixed,64,106,265,20315749
mixed,64,107,260,19979900
mixed,64,108,259,20161387
mixed,64,109,260,20094284
mixed,64,110,258,20071404
mixed,64,111,252,19897981
mixed,64,112,268,20236022
mixed,64,113,259,19939659
mixed,64,114,265,20108544
mixed,64,115,257,19846431
mixed,64,116,256,19804422
mixed,64,117,258,19919323
mixed,64,118,253,19882172
mixed,64,119,255,19791931
mixed,64,120,266,20419950
mixed,64,121,259,20018298
mixed,64,122,257,19949990
mixed,64,123,258,19941282
mixed,64,124,254,19872363
mixed,64,125,251,19783913
mixed,64,126,255,20022776
mixed,64,127,255,19751249
mixed,128,0,506,39654751
mixed,128,1,511,39749396
mixed,128,2,509,39546710
mixed,128,3,513,39507470
mixed,128,4,509,39622553
mixed,128,5,511,39567060
mixed,128,6,509,39497179
mixed,128,7,513,39687918
mixed,128,8,512,39598576
mixed,128,9,515,39567357
mixed,128,10,515,39841528
mixed,128,11,506,39355185
mixed,128,12,506,39820064
mixed,128,13,507,39622263
mixed,128,14,505,39639389
mixed,128,15,503,39457432
mixed,128,16,509,39640404
mixed,128,17,515,39623275
mixed,128,18,515,39427866
mixed,128,19,508,39417817
mixed,128,20,509,39765838
mixed,128,21,512,39630058
mixed,128,22,502,39322126
mixed,128,23,511,39868133
mixed,128,24,515,39416916
mixed,128,25,521,39691522
mixed,128,26,516,39600177
mixed,128,27,522,39775753
mixed,128,28,505,39287541
mixed,128,29,511,39501431
mixed,128,30,504,39483631
mixed,128,31,510,39566061
mixed,128,32,515,39821215
mixed,128,33,513,39654584
mixed,128,34,503,39574525
mixed,128,35,508,39500306
mixed,128,36,516,39724613
mixed,128,37,515,39832393
mixed,128,38,507,39489499
mixed,128,39,518,39886316
mixed,128,40,519,39471940
mixed,128,41,521,39430664
mixed,128,42,519,39861972
mixed,128,43,514,39760753
mixed,128,44,506,39208931
mixed,128,45,516,39924664
mixed,128,46,509,39630634
mixed,128,47,507,39239819
mixed,128,48,520,39586001
mixed,128,49,522,39506844
mixed,128,50,516,39739087
mixed,128,51,517,39528570
mixed,128,52,512,39677735
mixed,128,53,510,39387094
mixed,128,54,509,39634329
mixed,128,55,505,39540483
mixed,128,56,515,39614246
mixed,128,57,512,39494730
mixed,128,58,508,39457820
mixed,128,59,509,39324720
mixed,128,60,513,39358958
mixed,128,61,517,39681727
mixed,128,62,507,39686519
mixed,128,63,513,39584372
mixed,128,64,511,39521238
mixed,128,65,515,39661458
mixed,128,66,510,39742531
mixed,128,67,508,39532669
mixed,128,68,506,39469523
mixed,128,69,515,39769064
mixed,128,70,507,39419077
mixed,128,71,511,39740649
mixed,128,72,519,39607927
mixed,128,73,516,39825022
mixed,128,74,507,39501195
mixed,128,75,513,39588896
mixed,128,76,505,39563271
mixed,128,77,508,39541398
mixed,128,78,503,39539814
mixed,128,79,503,39423394
mixed,128,80,510,39522891
mixed,128,81,511,39470884
mixed,128,82,514,39740840
mixed,128,83,510,39526387
mixed,128,84,507,39387943
mixed,128,85,509,39349478
mixed,128,86,508,39672355
mixed,128,87,513,39717334
mixed,128,88,514,39687349
mixed,128,89,513,39579745
mixed,128,90,508,39285677
mixed,128,91,514,39612895
mixed,128,92,512,39717168
mixed,128,93,509,39242884
mixed,128,94,509,39497691
mixed,128,95,518,39741163
mixed,128,96,523,39848369
mixed,128,97,513,39538479
mixed,128,98,520,40043881
mixed,128,99,511,39570612
mixed,128,100,509,39666741
mixed,128,101,504,39332549
mixed,128,102,508,39321112
mixed,128,103,506,39521878
mixed,128,104,518,39449465
mixed,128,105,517,39435489
mixed,128,106,516,39439691
mixed,128,107,517,39299305
mixed,128,108,516,39707772
mixed,128,109,510,39559471
mixed,128,110,515,39973550
mixed,128,111,506,39411175
mixed,128,112,518,39623412
mixed,128,113,516,39634234
mixed,128,114,518,39415925
mixed,128,115,519,39565059
mixed,128,116,520,39591074
mixed,128,117,515,39293941
mixed,128,118,518,39662143
mixed,128,119,513,39705382
mixed,128,120,514,39503712
mixed,128,121,521,39618752
mixed,128,122,510,39660139
mixed,128,123,510,39512693
mixed,128,124,515,39654824
mixed,128,125,512,39377320
mixed,128,126,513,39437709
mixed,128,127,513,39699762
sparse,8,0,32,170058
sparse,8,1,32,159664
sparse,8,2,32,165695
sparse,8,3,32,154171
sparse,8,4,32,163931
sparse,8,5,32,155528
sparse,8,6,32,159628
sparse,8,7,32,157694
sparse,8,8,32,156107
sparse,8,9,32,160512
sparse,8,10,32,162206
sparse,8,11,32,161874
sparse,8,12,32,166890
sparse,8,13,32,162774
sparse,8,14,32,164659
sparse,8,15,32,158634
sparse,8,16,32,159817
sparse,8,17,32,154291
sparse,8,18,32,154282
sparse,8,19,32,153105
sparse,8,20,32,155581
sparse,8,21,32,157873
sparse,8,22,32,166948
sparse,8,23,32,161478
sparse,8,24,32,159748
sparse,8,25,32,159830
sparse,8,26,32,159699
sparse,8,27,32,153270
sparse,8,28,32,158906
sparse,8,29,32,151265
sparse,8,30,32,155236
sparse,8,31,32,153918
sparse,8,32,32,167609
sparse,8,33,32,156310
sparse,8,34,32,166824
sparse,8,35,32,157704
sparse,8,36,32,163936
sparse,8,37,32,156334
sparse,8,38,32,164792
sparse,8,39,32,158051
sparse,8,40,32,153054
sparse,8,41,32,155638
sparse,8,42,32,161503
sparse,8,43,32,159331
sparse,8,44,32,166074
sparse,8,45,32,161213
sparse,8,46,32,163636
sparse,8,47,32,158715
sparse,8,48,32,159074
sparse,8,49,32,150121
sparse,8,50,32,155059
sparse,8,51,32,149588
sparse,8,52,32,156281
sparse,8,53,32,152230
sparse,8,54,32,164703
sparse,8,55,32,158442
sparse,8,56,32,162449
sparse,8,57,32,154092
sparse,8,58,32,160450
sparse,8,59,32,154471
sparse,8,60,32,155119
sparse,8,61,32,150948
sparse,8,62,32,155814
sparse,8,63,32,149822
sparse,8,64,32,169754
sparse,8,65,32,153268
sparse,8,66,32,165424
sparse,8,67,32,153845
sparse,8,68,32,162788
sparse,8,69,32,154440
sparse,8,70,32,160091
sparse,8,71,32,157201
sparse,8,72,32,153495
sparse,8,73,32,157415
sparse,8,74,32,163933
sparse,8,75,32,160010
sparse,8,76,32,166225
sparse,8,77,32,159553
sparse,8,78,32,166236
sparse,8,79,32,154223
sparse,8,80,32,163016
sparse,8,81,32,152652
sparse,8,82,32,156820
sparse,8,83,32,150320
sparse,8,84,32,157242
sparse,8,85,32,150771
sparse,8,86,32,161005
sparse,8,87,32,157087
sparse,8,88,32,160231
sparse,8,89,32,155395
sparse,8,90,32,162023
sparse,8,91,32,151978
sparse,8,92,32,155900
sparse,8,93,32,152304
sparse,8,94,32,152988
sparse,8,95,32,151229
sparse,8,96,32,156468
sparse,8,97,32,153699
sparse,8,98,32,158343
sparse,8,99,32,156235
sparse,8,100,32,162727
sparse,8,101,32,152032
sparse,8,102,32,160521
sparse,8,103,32,154118
sparse,8,104,32,158658
sparse,8,105,32,152424
sparse,8,106,32,158356
sparse,8,107,32,155208
sparse,8,108,32,160687
sparse,8,109,32,155935
sparse,8,110,32,162441
sparse,8,111,32,157383
sparse,8,112,32,155355
sparse,8,113,32,151357
sparse,8,114,32,154343
sparse,8,115,32,152776
sparse,8,116,32,155322
sparse,8,117,32,153636
sparse,8,118,32,162470
sparse,8,119,32,156078
sparse,8,120,32,158391
sparse,8,121,32,155664
sparse,8,122,32,155787
sparse,8,123,32,152616
sparse,8,124,32,155194
sparse,8,125,32,154558
sparse,8,126,32,152271
sparse,8,127,32,156393
sparse,16,0,63,374885
sparse,16,1,59,348888
sparse,16,2,66,378341
sparse,16,3,65,365838
sparse,16,4,69,377393
sparse,16,5,66,360165
sparse,16,6,69,383146
sparse,16,7,66,354943
sparse,16,8,72,383655
sparse,16,9,69,359534
sparse,16,10,64,369155
sparse,16,11,63,341140
sparse,16,12,65,379270
sparse,16,13,56,336610
sparse,16,14,67,383150
sparse,16,15,60,347833
sparse,16,16,68,375482
sparse,16,17,65,348660
sparse,16,18,71,381266
sparse,16,19,68,355088
sparse,16,20,64,362066
sparse,16,21,64,348530
sparse,16,22,67,385578
sparse,16,23,59,343189
sparse,16,24,67,376284
sparse,16,25,63,351149
sparse,16,26,69,381197
sparse,16,27,66,355324
sparse,16,28,69,374400
sparse,16,29,66,354038
sparse,16,30,67,367049
sparse,16,31,64,340284
sparse,16,32,64,376654
sparse,16,33,59,344752
sparse,16,34,63,371515
sparse,16,35,58,342312
sparse,16,36,67,381371
sparse,16,37,59,341922
sparse,16,38,67,374096
sparse,16,39,61,342649
sparse,16,40,71,378589
sparse,16,41,67,354252
sparse,16,42,68,373127
sparse,16,43,60,339165
sparse,16,44,65,374563
sparse,16,45,59,342981
sparse,16,46,65,367729
sparse,16,47,58,336639
sparse,16,48,71,382686
sparse,16,49,60,337951
sparse,16,50,70,374291
sparse,16,51,66,352750
sparse,16,52,64,359286
sparse,16,53,64,344844
sparse,16,54,67,385031
sparse,16,55,58,337166
sparse,16,56,66,375485
sparse,16,57,59,337145
sparse,16,58,64,367550
sparse,16,59,60,342009
sparse,16,60,66,366770
sparse,16,61,65,346641
sparse,16,62,71,385523
sparse,16,63,64,337763
sparse,16,64,66,382372
sparse,16,65,56,331380
sparse,16,66,63,371629
sparse,16,67,57,332939
sparse,16,68,69,384384
sparse,16,69,60,334658
sparse,16,70,68,374923
sparse,16,71,62,344581
sparse,16,72,70,370435
sparse,16,73,65,347359
sparse,16,74,67,370425
sparse,16,75,59,333598
sparse,16,76,67,383621
sparse,16,77,54,329146
sparse,16,78,67,378925
sparse,16,79,57,333623
sparse,16,80,69,384749
sparse,16,81,58,331973
sparse,16,82,69,376669
sparse,16,83,64,346416
sparse,16,84,68,369339
sparse,16,85,62,333881
sparse,16,86,65,371138
sparse,16,87,58,330036
sparse,16,88,65,372652
sparse,16,89,57,325793
sparse,16,90,69,378838
sparse,16,91,61,339248
sparse,16,92,67,368900
sparse,16,93,65,340745
sparse,16,94,70,374136
sparse,16,95,62,326115
sparse,16,96,60,352703
sparse,16,97,55,324221
sparse,16,98,66,371199
sparse,16,99,60,343209
sparse,16,100,64,370289
sparse,16,101,59,336261
sparse,16,102,68,379586
sparse,16,103,61,335661
sparse,16,104,70,365359
sparse,16,105,66,345571
sparse,16,106,66,355611
sparse,16,107,60,331609
sparse,16,108,67,373334
sparse,16,109,60,339410
sparse,16,110,64,362359
sparse,16,111,58,331644
sparse,16,112,67,368261
sparse,16,113,61,338961
sparse,16,114,67,358679
sparse,16,115,66,346561
sparse,16,116,65,349072
sparse,16,117,61,327731
sparse,16,118,62,359384
sparse,16,119,55,322549
sparse,16,120,61,352925
sparse,16,121,57,330380
sparse,16,122,63,358726
sparse,16,123,61,338258
sparse,16,124,68,365034
sparse,16,125,63,338273
sparse,16,126,68,364035
sparse,16,127,65,334972
sparse,32,0,126,624576
sparse,32,1,123,603721
sparse,32,2,125,620946
sparse,32,3,126,613670
sparse,32,4,132,631851
sparse,32,5,130,618588
sparse,32,6,135,637760
sparse,32,7,129,613871
sparse,32,8,136,636428
sparse,32,9,125,599825
sparse,32,10,126,614193
sparse,32,11,125,605848
sparse,32,12,125,616451
sparse,32,13,120,597498
sparse,32,14,130,632036
sparse,32,15,125,605488
sparse,32,16,133,632971
sparse,32,17,132,619503
sparse,32,18,138,639737
sparse,32,19,140,632038
sparse,32,20,138,637384
sparse,32,21,133,610756
sparse,32,22,128,628054
sparse,32,23,123,607881
sparse,32,24,129,624109
sparse,32,25,128,605240
sparse,32,26,132,627668
sparse,32,27,132,614407
sparse,32,28,135,638183
sparse,32,29,133,617256
sparse,32,30,134,631491
sparse,32,31,134,615783
sparse,32,32,127,622082
sparse,32,33,119,590571
sparse,32,34,129,626918
sparse,32,35,123,596985
sparse,32,36,127,620422
sparse,32,37,125,602818
sparse,32,38,136,641279
sparse,32,39,131,617198
sparse,32,40,141,647554
sparse,32,41,135,613511
sparse,32,42,136,631923
sparse,32,43,126,613672
sparse,32,44,128,625474
sparse,32,45,121,595908
sparse,32,46,132,629303
sparse,32,47,124,600920
sparse,32,48,136,640436
sparse,32,49,128,609094
sparse,32,50,138,638053
sparse,32,51,129,611271
sparse,32,52,134,631509
sparse,32,53,128,598088
sparse,32,54,125,618446
sparse,32,55,122,608896
sparse,32,56,129,623200
sparse,32,57,123,601695
sparse,32,58,128,622268
sparse,32,59,126,603320
sparse,32,60,136,635999
sparse,32,61,131,606308
sparse,32,62,138,641052
sparse,32,63,133,612898
sparse,32,64,126,619253
sparse,32,65,120,596845
sparse,32,66,122,617093
sparse,32,67,121,596170
sparse,32,68,128,616334
sparse,32,69,121,592439
sparse,32,70,134,634405
sparse,32,71,124,591981
sparse,32,72,134,628389
sparse,32,73,131,607033
sparse,32,74,124,608905
sparse,32,75,118,590515
sparse,32,76,124,610915
sparse,32,77,117,591407
sparse,32,78,123,617022
sparse,32,79,119,589185
sparse,32,80,128,616314
sparse,32,81,120,593616
sparse,32,82,134,630086
sparse,32,83,127,602847
sparse,32,84,137,641566
sparse,32,85,127,602265
sparse,32,86,127,617169
sparse,32,87,124,596352
sparse,32,88,126,619258
sparse,32,89,123,594825
sparse,32,90,131,624493
sparse,32,91,121,584725
sparse,32,92,134,632181
sparse,32,93,126,588236
sparse,32,94,135,622475
sparse,32,95,130,603481
sparse,32,96,127,622291
sparse,32,97,120,593905
sparse,32,98,121,608692
sparse,32,99,117,585733
sparse,32,100,126,616185
sparse,32,101,121,591856
sparse,32,102,127,616331
sparse,32,103,124,583672
sparse,32,104,135,623371
sparse,32,105,127,586541
sparse,32,106,135,632883
sparse,32,107,125,590708
sparse,32,108,127,619115
sparse,32,109,124,591995
sparse,32,110,126,614847
sparse,32,111,121,590769
sparse,32,112,131,617494
sparse,32,113,126,597047
sparse,32,114,134,623878
sparse,32,115,129,600870
sparse,32,116,135,627233
sparse,32,117,129,598282
sparse,32,118,125,611726
sparse,32,119,120,586884
sparse,32,120,127,615353
sparse,32,121,121,593196
sparse,32,122,126,609606
sparse,32,123,121,585125
sparse,32,124,132,624018
sparse,32,125,128,603157
sparse,32,126,129,610394
sparse,32,127,128,591164
sparse,64,0,251,1186802
sparse,64,1,251,1180941
sparse,64,2,252,1177778
sparse,64,3,255,1176290
sparse,64,4,255,1182290
sparse,64,5,258,1176768
sparse,64,6,259,1184708
sparse,64,7,261,1171781
sparse,64,8,256,1187231
sparse,64,9,260,1166944
sparse,64,10,252,1178747
sparse,64,11,255,1171843
sparse,64,12,248,1183107
sparse,64,13,250,1170828
sparse,64,14,254,1186521
sparse,64,15,256,1183931
sparse,64,16,256,1183113
sparse,64,17,261,1172253
sparse,64,18,266,1194077
sparse,64,19,268,1179790
sparse,64,20,262,1177929
sparse,64,21,262,1172035
sparse,64,22,254,1192172
sparse,64,23,252,1167436
sparse,64,24,254,1178504
sparse,64,25,256,1173405
sparse,64,26,261,1189384
sparse,64,27,260,1177762
sparse,64,28,259,1181292
sparse,64,29,262,1168892
sparse,64,30,260,1179129
sparse,64,31,259,1181353
sparse,64,32,250,1185513
sparse,64,33,251,1169314
sparse,64,34,250,1178902
sparse,64,35,255,1183271
sparse,64,36,257,1183900
sparse,64,37,258,1175288
sparse,64,38,259,1181203
sparse,64,39,261,1178458
sparse,64,40,263,1184395
sparse,64,41,267,1173401
sparse,64,42,258,1176330
sparse,64,43,258,1175214
sparse,64,44,254,1183880
sparse,64,45,251,1178036
sparse,64,46,260,1191934
sparse,64,47,256,1175009
sparse,64,48,263,1185776
sparse,64,49,258,1174200
sparse,64,50,267,1186018
sparse,64,51,256,1165485
sparse,64,52,262,1187728
sparse,64,53,254,1166517
sparse,64,54,255,1179409
sparse,64,55,248,1171733
sparse,64,56,252,1185380
sparse,64,57,252,1173551
sparse,64,58,257,1178054
sparse,64,59,256,1171029
sparse,64,60,263,1185762
sparse,64,61,261,1166134
sparse,64,62,262,1179745
sparse,64,63,257,1160818
sparse,64,64,258,1189351
sparse,64,65,254,1174163
sparse,64,66,247,1180190
sparse,64,67,249,1167155
sparse,64,68,256,1186950
sparse,64,69,256,1176084
sparse,64,70,260,1185069
sparse,64,71,259,1168734
sparse,64,72,264,1182542
sparse,64,73,256,1165198
sparse,64,74,253,1164444
sparse,64,75,254,1166872
sparse,64,76,251,1179318
sparse,64,77,242,1164477
sparse,64,78,254,1190289
sparse,64,79,244,1162379
sparse,64,80,259,1181954
sparse,64,81,256,1165285
sparse,64,82,263,1173993
sparse,64,83,260,1165578
sparse,64,84,263,1183278
sparse,64,85,257,1156331
sparse,64,86,252,1181392
sparse,64,87,254,1168533
sparse,64,88,250,1178599
sparse,64,89,249,1164897
sparse,64,90,255,1172352
sparse,64,91,252,1160271
sparse,64,92,259,1181562
sparse,64,93,260,1168266
sparse,64,94,262,1181591
sparse,64,95,261,1163664
sparse,64,96,251,1179863
sparse,64,97,251,1158468
sparse,64,98,247,1174735
sparse,64,99,249,1153988
sparse,64,100,249,1170030
sparse,64,101,249,1160274
sparse,64,102,256,1179865
sparse,64,103,255,1165620
sparse,64,104,259,1179071
sparse,64,105,257,1155305
sparse,64,106,259,1171372
sparse,64,107,259,1160329
sparse,64,108,257,1179872
sparse,64,109,255,1169770
sparse,64,110,254,1176983
sparse,64,111,247,1161697
sparse,64,112,258,1189404
sparse,64,113,254,1160850
sparse,64,114,261,1181955
sparse,64,115,259,1161977
sparse,64,116,259,1178237
sparse,64,117,259,1159243
sparse,64,118,251,1176715
sparse,64,119,252,1163878
sparse,64,120,248,1171113
sparse,64,121,252,1163426
sparse,64,122,253,1176703
sparse,64,123,253,1151063
sparse,64,124,256,1182666
sparse,64,125,257,1157901
sparse,64,126,263,1179558
sparse,64,127,254,1152497
sparse,128,0,503,2170612
sparse,128,1,504,2162875
sparse,128,2,509,2173905
sparse,128,3,511,2172092
sparse,128,4,513,2181293
sparse,128,5,514,2171790
sparse,128,6,515,2176423
sparse,128,7,516,2165762
sparse,128,8,510,2170503
sparse,128,9,511,2166656
sparse,128,10,510,2172325
sparse,128,11,512,2168622
sparse,128,12,503,2172898
sparse,128,13,505,2165416
sparse,128,14,509,2169607
sparse,128,15,508,2155371
sparse,128,16,515,2181126
sparse,128,17,520,2170500
sparse,128,18,523,2186463
sparse,128,19,525,2165414
sparse,128,20,522,2178680
sparse,128,21,521,2169741
sparse,128,22,510,2176952
sparse,128,23,507,2163632
sparse,128,24,513,2175555
sparse,128,25,510,2162801
sparse,128,26,521,2190801
sparse,128,27,515,2169604
sparse,128,28,519,2179563
sparse,128,29,515,2173743
sparse,128,30,516,2178715
sparse,128,31,513,2155207
sparse,128,32,509,2177814
sparse,128,33,505,2159480
sparse,128,34,502,2162199
sparse,128,35,501,2161592
sparse,128,36,510,2169851
sparse,128,37,509,2157926
sparse,128,38,517,2184849
sparse,128,39,512,2171954
sparse,128,40,522,2190586
sparse,128,41,521,2167893
sparse,128,42,515,2181302
sparse,128,43,513,2161650
sparse,128,44,514,2176352
sparse,128,45,507,2170368
sparse,128,46,515,2172266
sparse,128,47,508,2166213
sparse,128,48,521,2191004
sparse,128,49,516,2178876
sparse,128,50,520,2176829
sparse,128,51,515,2161246
sparse,128,52,516,2171961
sparse,128,53,512,2169103
sparse,128,54,509,2165798
sparse,128,55,506,2150735
sparse,128,56,511,2180012
sparse,128,57,510,2164887
sparse,128,58,514,2173691
sparse,128,59,512,2160081
sparse,128,60,521,2179074
sparse,128,61,523,2167330
sparse,128,62,517,2181745
sparse,128,63,518,2158219
sparse,128,64,505,2181416
sparse,128,65,505,2157390
sparse,128,66,503,2164104
sparse,128,67,500,2148011
sparse,128,68,507,2173348
sparse,128,69,504,2161704
sparse,128,70,514,2183181
sparse,128,71,512,2160779
sparse,128,72,520,2176909
sparse,128,73,514,2155716
sparse,128,74,511,2165208
sparse,128,75,504,2145060
sparse,128,76,505,2168385
sparse,128,77,503,2152593
sparse,128,78,507,2170156
sparse,128,79,497,2152131
sparse,128,80,509,2170449
sparse,128,81,507,2154788
sparse,128,82,520,2183419
sparse,128,83,513,2157589
sparse,128,84,520,2168882
sparse,128,85,515,2158562
sparse,128,86,511,2179184
sparse,128,87,511,2156043
sparse,128,88,508,2172236
sparse,128,89,503,2147363
sparse,128,90,508,2176411
sparse,128,91,512,2159103
sparse,128,92,517,2180939
sparse,128,93,515,2158790
sparse,128,94,515,2176864
sparse,128,95,515,2152944
sparse,128,96,503,2163749
sparse,128,97,507,2142407
sparse,128,98,502,2164117
sparse,128,99,505,2154881
sparse,128,100,507,2169742
sparse,128,101,507,2143266
sparse,128,102,514,2164777
sparse,128,103,505,2143994
sparse,128,104,522,2172127
sparse,128,105,517,2153618
sparse,128,106,523,2190270
sparse,128,107,515,2163328
sparse,128,108,514,2177315
sparse,128,109,509,2146609
sparse,128,110,509,2172598
sparse,128,111,505,2152744
sparse,128,112,512,2173251
sparse,128,113,508,2148176
sparse,128,114,520,2181016
sparse,128,115,520,2163009
sparse,128,116,519,2175487
sparse,128,117,516,2143018
sparse,128,118,510,2173952
sparse,128,119,509,2143167
sparse,128,120,507,2177235
sparse,128,121,507,2141063
sparse,128,122,513,2173015
sparse,128,123,513,2141257
sparse,128,124,517,2170256
sparse,128,125,509,2142216
sparse,128,126,522,2170241
sparse,128,127,521,2152745
vgg16,8,0,30,6367159
vgg16,8,1,30,6356581
vgg16,8,2,30,6363336
vgg16,8,3,30,6354753
vgg16,8,4,30,6367142
vgg16,8,5,30,6355639
vgg16,8,6,30,6366493
vgg16,8,7,30,6356241
vgg16,8,8,30,6365658
vgg16,8,9,30,6354273
vgg16,8,10,30,6374944
vgg16,8,11,30,6365750
vgg16,8,12,30,6380090
vgg16,8,13,30,6368243
vgg16,8,14,30,6372274
vgg16,8,15,30,6362714
vgg16,8,16,30,6372980
vgg16,8,17,30,6360356
vgg16,8,18,30,6369734
vgg16,8,19,30,6360434
vgg16,8,20,30,6377342
vgg16,8,21,30,6364495
vgg16,8,22,30,6370917
vgg16,8,23,30,6364181
vgg16,8,24,30,6361031
vgg16,8,25,30,6351307
vgg16,8,26,30,6364450
vgg16,8,27,30,6356613
vgg16,8,28,30,6361247
vgg16,8,29,30,6348466
vgg16,8,30,30,6371183
vgg16,8,31,30,6359556
vgg16,8,32,30,6371008
vgg16,8,33,30,6358963
vgg16,8,34,30,6377400
vgg16,8,35,30,6367585
vgg16,8,36,30,6369213
vgg16,8,37,30,6356216
vgg16,8,38,30,6377119
vgg16,8,39,30,6366077
vgg16,8,40,30,6367476
vgg16,8,41,30,6354592
vgg16,8,42,30,6354004
vgg16,8,43,30,6365894
vgg16,8,44,30,6337828
vgg16,8,45,30,6355551
vgg16,8,46,30,6336664
vgg16,8,47,30,6357384
vgg16,8,48,30,6332558
vgg16,8,49,30,6352907
vgg16,8,50,30,6328789
vgg16,8,51,30,6350462
vgg16,8,52,30,6335752
vgg16,8,53,30,6353518
vgg16,8,54,30,6345187
vgg16,8,55,30,6364687
vgg16,8,56,30,6343438
vgg16,8,57,30,6364776
vgg16,8,58,30,6337139
vgg16,8,59,30,6358007
vgg16,8,60,30,6343537
vgg16,8,61,30,6358058
vgg16,8,62,30,6343281
vgg16,8,63,30,6362934
vgg16,8,64,30,6344548
vgg16,8,65,30,6361721
vgg16,8,66,30,6339973
vgg16,8,67,30,6358394
vgg16,8,68,30,6336538
vgg16,8,69,30,6350879
vgg16,8,70,30,6340242
vgg16,8,71,30,6358458
vgg16,8,72,30,6329835
vgg16,8,73,30,6345449
vgg16,8,74,30,6337639
vgg16,8,75,30,6356266
vgg16,8,76,30,6341819
vgg16,8,77,30,6360120
vgg16,8,78,30,6351854
vgg16,8,79,30,6369112
vgg16,8,80,30,6334700
vgg16,8,81,30,6352858
vgg16,8,82,30,6344441
vgg16,8,83,30,6362272
vgg16,8,84,30,6334152
vgg16,8,85,30,6359245
vgg16,8,86,30,6330658
vgg16,8,87,30,6367274
vgg16,8,88,30,6316101
vgg16,8,89,30,6356058
vgg16,8,90,30,6316272
vgg16,8,91,30,6353520
vgg16,8,92,30,6315075
vgg16,8,93,30,6355537
vgg16,8,94,30,6312710
vgg16,8,95,30,6351535
vgg16,8,96,30,6313862
vgg16,8,97,30,6354102
vgg16,8,98,30,6323720
vgg16,8,99,30,6361127
vgg16,8,100,30,6326913
vgg16,8,101,30,6368443
vgg16,8,102,30,6320320
vgg16,8,103,30,6358502
vgg16,8,104,30,6321205
vgg16,8,105,30,6360537
vgg16,8,106,30,6320801
vgg16,8,107,30,6356290
vgg16,8,108,30,6326843
vgg16,8,109,30,6367250
vgg16,8,110,30,6318902
vgg16,8,111,30,6357738
vgg16,8,112,30,6311983
vgg16,8,113,30,6352956
vgg16,8,114,30,6314606
vgg16,8,115,30,6352487
vgg16,8,116,30,6309778
vgg16,8,117,30,6351701
vgg16,8,118,30,6317456
vgg16,8,119,30,6356547
vgg16,8,120,30,6320918
vgg16,8,121,30,6362766
vgg16,8,122,30,6327933
vgg16,8,123,30,6365348
vgg16,8,124,30,6317542
vgg16,8,125,30,6358008
vgg16,8,126,30,6324569
vgg16,8,127,30,6362718
vgg16,16,0,58,12704997
vgg16,16,1,57,12560597
vgg16,16,2,56,12635765
vgg16,16,3,55,12476409
vgg16,16,4,58,12694590
vgg16,16,5,58,12695902
vgg16,16,6,58,12693220
vgg16,16,7,58,12687764
vgg16,16,8,58,12692805
vgg16,16,9,57,12520659
vgg16,16,10,56,12653064
vgg16,16,11,56,12622925
vgg16,16,12,56,12658772
vgg16,16,13,56,12644610
vgg16,16,14,58,12704186
vgg16,16,15,58,12684323
vgg16,16,16,60,12774549
vgg16,16,17,59,12724605
vgg16,16,18,58,12700786
vgg16,16,19,58,12688879
vgg16,16,20,58,12726937
vgg16,16,21,58,12705657
vgg16,16,22,58,12708866
vgg16,16,23,58,12678419
vgg16,16,24,58,12696847
vgg16,16,25,59,12703936
vgg16,16,26,58,12699241
vgg16,16,27,58,12683132
vgg16,16,28,58,12692586
vgg16,16,29,57,12523340
vgg16,16,30,58,12701077
vgg16,16,31,58,12685966
vgg16,16,32,58,12719437
vgg16,16,33,57,12555454
vgg16,16,34,57,12694978
vgg16,16,35,57,12667168
vgg16,16,36,58,12711541
vgg16,16,37,58,12686267
vgg16,16,38,57,12578396
vgg16,16,39,57,12552423
vgg16,16,40,59,12633504
vgg16,16,41,60,12749982
vgg16,16,42,60,13551075
vgg16,16,43,61,12755808
vgg16,16,44,58,13245859
vgg16,16,45,61,12755992
vgg16,16,46,58,13233697
vgg16,16,47,61,12738835
vgg16,16,48,61,13428589
vgg16,16,49,63,12800946
vgg16,16,50,59,13361964
vgg16,16,51,61,12732803
vgg16,16,52,58,13231009
vgg16,16,53,61,12742628
vgg16,16,54,58,13264750
vgg16,16,55,61,12767762
vgg16,16,56,59,13391969
vgg16,16,57,62,12802002
vgg16,16,58,58,13245916
vgg16,16,59,61,12763145
vgg16,16,60,59,13377006
vgg16,16,61,61,12753201
vgg16,16,62,58,13246688
vgg16,16,63,61,12744349
vgg16,16,64,58,13263200
vgg16,16,65,61,12769965
vgg16,16,66,56,13182174
vgg16,16,67,59,12702509
vgg16,16,68,57,13209102
vgg16,16,69,60,12717640
vgg16,16,70,58,13238466
vgg16,16,71,61,12755181
vgg16,16,72,60,13295253
vgg16,16,73,63,12803344
vgg16,16,74,56,13175232
vgg16,16,75,59,12691554
vgg16,16,76,56,13195891
vgg16,16,77,59,12711142
vgg16,16,78,58,13274873
vgg16,16,79,61,12779557
vgg16,16,80,58,13238896
vgg16,16,81,61,12759373
vgg16,16,82,58,13255579
vgg16,16,83,61,12753026
vgg16,16,84,60,13513634
vgg16,16,85,61,12756142
vgg16,16,86,61,13676472
vgg16,16,87,64,14063546
vgg16,16,88,61,13659528
vgg16,16,89,64,13942281
vgg16,16,90,61,13636419
vgg16,16,91,64,14032835
vgg16,16,92,61,13646262
vgg16,16,93,64,14037049
vgg16,16,94,62,13772546
vgg16,16,95,64,14015020
vgg16,16,96,61,13646794
vgg16,16,97,66,14084714
vgg16,16,98,61,13777862
vgg16,16,99,62,13890095
vgg16,16,100,61,13682005
vgg16,16,101,64,14069466
vgg16,16,102,61,13654689
vgg16,16,103,64,14040991
vgg16,16,104,63,13720244
vgg16,16,105,66,14104183
vgg16,16,106,62,13791227
vgg16,16,107,64,14047166
vgg16,16,108,61,13673699
vgg16,16,109,64,14067771
vgg16,16,110,61,13660885
vgg16,16,111,64,14062697
vgg16,16,112,64,13852158
vgg16,16,113,66,14113959
vgg16,16,114,62,13785965
vgg16,16,115,64,14041202
vgg16,16,116,61,13635865
vgg16,16,117,64,14035220
vgg16,16,118,61,13641480
vgg16,16,119,64,14050248
vgg16,16,120,61,13662542
vgg16,16,121,66,14133184
vgg16,16,122,61,13658507
vgg16,16,123,64,14063067
vgg16,16,124,61,13639782
vgg16,16,125,63,14014885
vgg16,16,126,61,13647004
vgg16,16,127,63,14018958
vgg16,32,0,120,25978524
vgg16,32,1,121,27147929
vgg16,32,2,120,25964465
vgg16,32,3,122,27140560
vgg16,32,4,119,25844734
vgg16,32,5,120,26856100
vgg16,32,6,118,25672180
vgg16,32,7,120,26945529
vgg16,32,8,116,25615371
vgg16,32,9,118,26783650
vgg16,32,10,118,25718587
vgg16,32,11,119,26393563
vgg16,32,12,120,26025693
vgg16,32,13,120,26569944
vgg16,32,14,118,25694696
vgg16,32,15,117,25651193
vgg16,32,16,118,25917664
vgg16,32,17,118,26358585
vgg16,32,18,120,25974338
vgg16,32,19,121,26656454
vgg16,32,20,118,25728643
vgg16,32,21,118,26255774
vgg16,32,22,118,25922162
vgg16,32,23,119,26507171
vgg16,32,24,120,25974053
vgg16,32,25,118,25773784
vgg16,32,26,121,26116535
vgg16,32,27,121,26523025
vgg16,32,28,120,25954401
vgg16,32,29,120,26374561
vgg16,32,30,120,25974673
vgg16,32,31,120,26526297
vgg16,32,32,120,25998229
vgg16,32,33,122,26264082
vgg16,32,34,120,26015837
vgg16,32,35,121,26704641
vgg16,32,36,120,25976873
vgg16,32,37,120,26523233
vgg16,32,38,120,25988609
vgg16,32,39,123,26865866
vgg16,32,40,120,25965820
vgg16,32,41,120,26061539
vgg16,32,42,120,25577216
vgg16,32,43,119,26416947
vgg16,32,44,120,25552935
vgg16,32,45,119,26845920
vgg16,32,46,120,25535159
vgg16,32,47,120,26868330
vgg16,32,48,120,25519349
vgg16,32,49,120,26872274
vgg16,32,50,120,25510190
vgg16,32,51,119,26816083
vgg16,32,52,120,25532958
vgg16,32,53,119,26836338
vgg16,32,54,120,25565038
vgg16,32,55,120,26907223
vgg16,32,56,119,25538141
vgg16,32,57,121,26963271
vgg16,32,58,118,25478109
vgg16,32,59,120,26879339
vgg16,32,60,119,25507795
vgg16,32,61,121,26935417
vgg16,32,62,118,25490626
vgg16,32,63,118,26827916
vgg16,32,64,119,25575228
vgg16,32,65,121,26952532
vgg16,32,66,117,25478279
vgg16,32,67,117,26779244
vgg16,32,68,118,25463506
vgg16,32,69,119,26829820
vgg16,32,70,118,25496939
vgg16,32,71,119,26846091
vgg16,32,72,120,25517425
vgg16,32,73,120,26847092
vgg16,32,74,118,25470364
vgg16,32,75,119,26825091
vgg16,32,76,118,25508488
vgg16,32,77,119,26867424
vgg16,32,78,118,25545379
vgg16,32,79,119,26876999
vgg16,32,80,118,25495475
vgg16,32,81,119,26845053
vgg16,32,82,118,25502132
vgg16,32,83,118,26806741
vgg16,32,84,119,25940044
vgg16,32,85,119,27453566
vgg16,32,86,119,25576954
vgg16,32,87,124,29190297
vgg16,32,88,118,25381208
vgg16,32,89,124,29149323
vgg16,32,90,119,25512689
vgg16,32,91,124,29129521
vgg16,32,92,118,25364645
vgg16,32,93,124,28917272
vgg16,32,94,119,25401539
vgg16,32,95,125,29052811
vgg16,32,96,119,25527418
vgg16,32,97,124,29137796
vgg16,32,98,119,25574681
vgg16,32,99,125,29292066
vgg16,32,100,117,25291118
vgg16,32,101,124,29187506
vgg16,32,102,119,25547339
vgg16,32,103,124,29145045
vgg16,32,104,119,25414157
vgg16,32,105,124,28935132
vgg16,32,106,118,25376746
vgg16,32,107,123,28997993
vgg16,32,108,120,25594620
vgg16,32,109,126,29222580
vgg16,32,110,119,25538013
vgg16,32,111,124,29155089
vgg16,32,112,120,25546330
vgg16,32,113,126,29193746
vgg16,32,114,118,25364225
vgg16,32,115,122,28846245
vgg16,32,116,119,25499284
vgg16,32,117,123,28970714
vgg16,32,118,119,25530668
vgg16,32,119,124,28911052
vgg16,32,120,120,25579657
vgg16,32,121,124,28933774
vgg16,32,122,119,25556809
vgg16,32,123,122,28880243
vgg16,32,124,119,25536792
vgg16,32,125,122,28256454
vgg16,32,126,119,25553527
vgg16,32,127,124,29051624
vgg16,64,0,239,48797948
vgg16,64,1,239,48751223
vgg16,64,2,238,48549568
vgg16,64,3,241,48842494
vgg16,64,4,241,48776687
vgg16,64,5,240,48461993
vgg16,64,6,239,48448136
vgg16,64,7,240,48532686
vgg16,64,8,240,48750738
vgg16,64,9,240,48674537
vgg16,64,10,239,48808150
vgg16,64,11,240,48825678
vgg16,64,12,239,48801012
vgg16,64,13,240,48836011
vgg16,64,14,239,48651856
vgg16,64,15,240,48715648
vgg16,64,16,241,48762319
vgg16,64,17,240,48476035
vgg16,64,18,240,48495213
vgg16,64,19,240,48381742
vgg16,64,20,240,48663584
vgg16,64,21,241,48575721
vgg16,64,22,239,48760914
vgg16,64,23,240,48701315
vgg16,64,24,239,48446812
vgg16,64,25,240,48537823
vgg16,64,26,240,48386705
vgg16,64,27,240,48342869
vgg16,64,28,240,48422176
vgg16,64,29,240,48355207
vgg16,64,30,239,48462506
vgg16,64,31,240,48588776
vgg16,64,32,239,48604219
vgg16,64,33,240,48712527
vgg16,64,34,239,48646562
vgg16,64,35,240,48740120
vgg16,64,36,240,48583170
vgg16,64,37,240,48598026
vgg16,64,38,240,48478802
vgg16,64,39,241,48416714
vgg16,64,40,240,48282372
vgg16,64,41,240,48170952
vgg16,64,42,242,48793547
vgg16,64,43,241,48608910
vgg16,64,44,240,48599958
vgg16,64,45,240,48569477
vgg16,64,46,242,48647795
vgg16,64,47,240,48397498
vgg16,64,48,240,48246284
vgg16,64,49,240,48173625
vgg16,64,50,240,48303714
vgg16,64,51,240,48197328
vgg16,64,52,240,48477532
vgg16,64,53,240,48397146
vgg16,64,54,241,48709155
vgg16,64,55,240,48587645
vgg16,64,56,240,48645634
vgg16,64,57,240,48569885
vgg16,64,58,240,48483473
vgg16,64,59,240,48404459
vgg16,64,60,240,48267964
vgg16,64,61,242,48252611
vgg16,64,62,241,48774061
vgg16,64,63,240,48522582
vgg16,64,64,239,48548762
vgg16,64,65,240,48652877
vgg16,64,66,239,48733218
vgg16,64,67,239,48618843
vgg16,64,68,240,48764840
vgg16,64,69,240,48672098
vgg16,64,70,240,48544531
vgg16,64,71,240,48473666
vgg16,64,72,239,48402824
vgg16,64,73,241,48505690
vgg16,64,74,240,48723176
vgg16,64,75,240,48690567
vgg16,64,76,239,48694372
vgg16,64,77,239,48731970
vgg16,64,78,239,48809935
vgg16,64,79,239,48662905
vgg16,64,80,238,48584084
vgg16,64,81,240,48680830
vgg16,64,82,243,48796841
vgg16,64,83,240,48485634
vgg16,64,84,240,48502192
vgg16,64,85,240,48420060
vgg16,64,86,240,48654575
vgg16,64,87,240,48557378
vgg16,64,88,239,48671711
vgg16,64,89,240,48658580
vgg16,64,90,239,48451203
vgg16,64,91,240,48493117
vgg16,64,92,240,48400381
vgg16,64,93,240,48296716
vgg16,64,94,240,48416919
vgg16,64,95,240,48328160
vgg16,64,96,240,48553731
vgg16,64,97,240,48473915
vgg16,64,98,240,48862135
vgg16,64,99,240,48720365
vgg16,64,100,241,48942005
vgg16,64,101,240,48694473
vgg16,64,102,240,48559615
vgg16,64,103,240,48535397
vgg16,64,104,240,48447763
vgg16,64,105,240,48321448
vgg16,64,106,240,48256651
vgg16,64,107,240,48160425
vgg16,64,108,241,48531957
vgg16,64,109,240,48395238
vgg16,64,110,241,48785920
vgg16,64,111,240,48580262
vgg16,64,112,240,48444680
vgg16,64,113,240,48361876
vgg16,64,114,240,48226446
vgg16,64,115,240,48147655
vgg16,64,116,240,48309742
vgg16,64,117,241,48241927
vgg16,64,118,240,48477501
vgg16,64,119,240,48413529
vgg16,64,120,240,48576515
vgg16,64,121,240,48537629
vgg16,64,122,241,48764496
vgg16,64,123,240,48556008
vgg16,64,124,242,48694576
vgg16,64,125,240,48440245
vgg16,64,126,240,48247464
vgg16,64,127,240,48183813
vgg16,128,0,476,186628816
vgg16,128,1,477,186670908
vgg16,128,2,473,186480930
vgg16,128,3,475,186334592
vgg16,128,4,477,186602798
vgg16,128,5,480,187298606
vgg16,128,6,477,186606748
vgg16,128,7,477,186561307
vgg16,128,8,476,186626869
vgg16,128,9,477,186583284
vgg16,128,10,474,186469671
vgg16,128,11,476,186446763
vgg16,128,12,476,186756323
vgg16,128,13,480,187355384
vgg16,128,14,477,186585644
vgg16,128,15,477,186876459
vgg16,128,16,476,186798343
vgg16,128,17,477,186669124
vgg16,128,18,479,186838226
vgg16,128,19,479,186579201
vgg16,128,20,478,186877511
vgg16,128,21,479,187164002
vgg16,128,22,474,186549446
vgg16,128,23,476,186378092
vgg16,128,24,477,186718171
vgg16,128,25,478,186679150
vgg16,128,26,477,186777237
vgg16,128,27,477,186704421
vgg16,128,28,475,187081640
vgg16,128,29,477,187073193
vgg16,128,30,474,186544075
vgg16,128,31,477,186678167
vgg16,128,32,476,186744215
vgg16,128,33,476,186666974
vgg16,128,34,476,186871538
vgg16,128,35,478,186857142
vgg16,128,36,476,186902654
vgg16,128,37,475,186489923
vgg16,128,38,478,186978800
vgg16,128,39,476,186664265
vgg16,128,40,478,186657191
vgg16,128,41,481,187283365
vgg16,128,42,483,187356912
vgg16,128,43,485,188940157
vgg16,128,44,479,187562259
vgg16,128,45,481,188367629
vgg16,128,46,481,187084299
vgg16,128,47,482,188435189
vgg16,128,48,481,188002072
vgg16,128,49,483,188978966
vgg16,128,50,481,187455430
vgg16,128,51,485,189356795
vgg16,128,52,479,187939853
vgg16,128,53,483,188892880
vgg16,128,54,480,187700567
vgg16,128,55,482,188969210
vgg16,128,56,478,187187310
vgg16,128,57,481,188515589
vgg16,128,58,480,187487967
vgg16,128,59,482,188426927
vgg16,128,60,482,188234262
vgg16,128,61,484,189032372
vgg16,128,62,484,187639019
vgg16,128,63,486,189444880
vgg16,128,64,479,187475991
vgg16,128,65,483,189010471
vgg16,128,66,477,187382529
vgg16,128,67,481,188468074
vgg16,128,68,480,187616902
vgg16,128,69,483,189502898
vgg16,128,70,479,187484111
vgg16,128,71,482,189355757
vgg16,128,72,481,187439659
vgg16,128,73,484,189467374
vgg16,128,74,480,187572681
vgg16,128,75,484,189091841
vgg16,128,76,478,187462248
vgg16,128,77,480,188464625
vgg16,128,78,479,187068258
vgg16,128,79,482,188546312
vgg16,128,80,478,187358798
vgg16,128,81,482,188425261
vgg16,128,82,480,187576150
vgg16,128,83,484,188665473
vgg16,128,84,481,187602094
vgg16,128,85,481,187933327
vgg16,128,86,486,188316461
vgg16,128,87,487,189217175
vgg16,128,88,477,188008432
vgg16,128,89,482,188768001
vgg16,128,90,481,188019279
vgg16,128,91,480,188695272
vgg16,128,92,483,188224826
vgg16,128,93,484,188424876
vgg16,128,94,479,187688879
vgg16,128,95,481,188660231
vgg16,128,96,481,188133870
vgg16,128,97,481,188713243
vgg16,128,98,478,187968658
vgg16,128,99,481,188767982
vgg16,128,100,480,188428556
vgg16,128,101,479,188559850
vgg16,128,102,480,188316542
vgg16,128,103,480,188722178
vgg16,128,104,481,188115807
vgg16,128,105,483,188981831
vgg16,128,106,485,188243916
vgg16,128,107,484,188811073
vgg16,128,108,482,188247752
vgg16,128,109,480,188716345
vgg16,128,110,480,187919003
vgg16,128,111,482,188840306
vgg16,128,112,481,188095041
vgg16,128,113,480,188704836
vgg16,128,114,482,188050035
vgg16,128,115,486,189866988
vgg16,128,116,481,188243710
vgg16,128,117,484,189240475
vgg16,128,118,480,188198209
vgg16,128,119,481,188882873
vgg16,128,120,484,188375341
vgg16,128,121,482,189014940
vgg16,128,122,482,188368410
vgg16,128,123,480,188482585
vgg16,128,124,483,188240212
vgg16,128,125,483,188862997
vgg16,128,126,482,188087845
vgg16,128,127,487,189128019
